,class,RefusedBequest
0,org.apache.zookeeper.server.NIOServerCnxnFactory.SelectorThread,0.0
1,org.apache.zookeeper.server.util.AdHash,0.0
2,org.apache.zookeeper.metrics.BaseTestMetricsProvider.MetricsProviderCapturingLifecycle,0.0
3,org.apache.zookeeper.ClientCnxn.WatcherSetEventPair,0.0
4,org.apache.zookeeper.test.AsyncOps.Create2CB,0.0
5,org.apache.zookeeper.test.NonRecoverableErrorTest,0.0
6,org.apache.zookeeper.test.FLETest.LEThread,0.0
7,org.apache.zookeeper.server.quorum.QuorumServerTest,0.0
8,org.apache.zookeeper.OpResult.ErrorResult,0.0
9,org.apache.zookeeper.test.ObserverHierarchicalQuorumTest,0.0
10,org.apache.zookeeper.server.ExpiryQueue,0.0
11,org.apache.zookeeper.server.jersey.cfg.Credentials,0.0
12,org.apache.jute.Record,0.0
13,org.apache.zookeeper.OpResult.CheckResult,0.0
14,org.apache.zookeeper.server.NettyServerCnxnFactory.DualModeSslHandler,0.0
15,org.apache.zookeeper.server.quorum.QuorumCnxManager.Listener,0.0
16,org.apache.zookeeper.server.jersey.resources.KeeperExceptionMapper,0.0
17,org.apache.zookeeper.test.NettyNettySuiteTest,0.0
18,org.apache.jute.BinaryInputArchive.BinaryIndex,0.0
19,org.apache.zookeeper.server.ZooKeeperServerStartupTest.SimpleZooKeeperServer,0.0
20,org.apache.zookeeper.client.StaticHostProvider,0.0
21,org.apache.zookeeper.common.ZKHostnameVerifier.InetAddressUtils,0.0
22,org.apache.zookeeper.retry.ZooKeeperRetry,0.0
23,org.apache.zookeeper.server.quorum.auth.QuorumDigestAuthTest,0.0
24,org.apache.zookeeper.test.EventTypeTest,0.0
25,org.apache.zookeeper.test.ConnectStringParserTest,0.0
26,org.apache.zookeeper.server.ServerCnxn.CloseRequestException,0.0
27,org.apache.zookeeper.test.X509AuthTest.TestKeyManager,0.0
28,org.apache.zookeeper.test.ClientHammerTest.SuperHammerThread,0.0
29,org.apache.zookeeper.test.FLETest,0.0
30,org.apache.zookeeper.server.quorum.ReconfigDuringLeaderSyncTest.CustomQuorumPeer.2,0.0
31,org.apache.zookeeper.common.X509UtilTest.1.2,0.0
32,org.apache.zookeeper.server.watch.WatcherModeManager,0.0
33,org.apache.zookeeper.graph.LogSource,0.0
34,org.apache.zookeeper.test.QuorumTest,0.0
35,org.apache.zookeeper.inspector.manager.NodesCache.1,0.0
36,org.apache.zookeeper.server.admin.Commands.ZabStateCommand,0.0
37,org.apache.zookeeper.test.QuorumZxidSyncTest,0.0
38,org.apache.zookeeper.server.ServerMetricsTest,0.0
39,org.apache.zookeeper.server.quorum.auth.SaslQuorumAuthLearner.1,0.0
40,org.apache.zookeeper.KeeperException.NoNodeException,0.0
41,org.apache.zookeeper.server.PrepRequestProcessorTest,0.0
42,org.apache.zookeeper.inspector.gui.IconResource,0.0
43,org.apache.zookeeper.Op.GetChildren,0.0
44,org.apache.zookeeper.server.ServerCnxn,0.0
45,org.apache.zookeeper.test.AsyncOps,0.0
46,org.apache.zookeeper.server.DataNode,0.0
47,org.apache.zookeeper.test.SyncCallTest,0.0
48,org.apache.zookeeper.server.quorum.CommitProcessorMetricsTest.DummyFinalProcessor,0.0
49,org.apache.zookeeper.server.DataTreeTest.4.5,0.0
50,org.apache.zookeeper.server.quorum.LearnerHandlerBean,0.0
51,org.apache.zookeeper.CustomHostProviderTest.SpecialHostProvider,0.0
52,org.apache.zookeeper.inspector.gui.nodeviewer.NodeViewerMetaData,0.0
53,org.apache.zookeeper.test.FLETest.TestVote,0.0
54,org.apache.zookeeper.ClientCnxn.LocalCallback,0.0
55,org.apache.zookeeper.server.jersey.jaxb.ZChildren,0.0
56,org.apache.zookeeper.server.quorum.SessionUpgradeQuorumTest.1,0.0
57,org.apache.zookeeper.test.NioNettySuiteBase,0.0
58,org.apache.zookeeper.server.quorum.SessionUpgradeQuorumTest.2,0.0
59,org.apache.zookeeper.test.ChrootTest.MyWatcher,0.0
60,org.apache.zookeeper.ZKParameterized,0.0
61,org.apache.zookeeper.PortAssignment,0.0
62,org.apache.zookeeper.recipes.lock.WriteLockTest,0.0
63,org.apache.zookeeper.server.quorum.CommitProcessorConcurrencyTest.MockCommitProcessor,0.0
64,org.apache.zookeeper.server.TraceFormatter,0.0
65,org.apache.zookeeper.test.SaslAuthDesignatedServerTest.MyWatcher,0.0
66,org.apache.jute.compiler.CSharpGenerator,0.0
67,org.apache.zookeeper.test.ObserverQuorumHammerTest,0.0
68,org.apache.zookeeper.server.BlueThrottleTest.MockRandom,0.0
69,org.apache.zookeeper.server.quorum.LeaderSessionTracker,0.0
70,org.apache.zookeeper.server.quorum.QuorumPeerConfig.ConfigException,0.0
71,org.apache.zookeeper.StatsTrack,0.0
72,org.apache.zookeeper.metrics.prometheus.ExportJvmInfoTest,0.0
73,org.apache.zookeeper.KeeperException.InvalidCallbackException,0.0
74,org.apache.zookeeper.server.NettyServerCnxnFactoryTest.ClientConnectionWatcher,0.0
75,org.apache.zookeeper.test.BufferSizeTest,0.0
76,org.apache.zookeeper.common.AtomicFileWritingIdiom,0.0
77,org.apache.zookeeper.audit.AuditEvent.Result,0.0
78,org.apache.zookeeper.server.quorum.ObserverMXBean,0.0
79,org.apache.zookeeper.server.quorum.CommitProcessorMetricsTest.TestCommitProcessor,0.0
80,org.apache.zookeeper.common.ZKTrustManagerTest,0.0
81,org.apache.zookeeper.CustomHostProviderTest,0.0
82,org.apache.zookeeper.server.quorum.WatchLeakTest,0.0
83,org.apache.zookeeper.CreateMode,0.0
84,org.apache.zookeeper.test.CreateModeTest,0.0
85,org.apache.zookeeper.cli.MalformedCommandException,0.0
86,org.apache.zookeeper.KeeperException.DataInconsistencyException,0.0
87,org.apache.zookeeper.server.quorum.LocalPeerBean,0.0
88,org.apache.zookeeper.cli.CreateCommand,0.0
89,org.apache.zookeeper.recipes.lock.LockListener,0.0
90,org.apache.zookeeper.server.auth.KerberosName.NoMatchingRule,0.0
91,org.apache.zookeeper.common.PathTrie.TrieNode,0.0
92,org.apache.zookeeper.ZooKeeper,0.0
93,org.apache.zookeeper.server.quorum.Observer,0.0
94,org.apache.zookeeper.server.watch.WatchManager,0.0
95,org.apache.zookeeper.server.quorum.QuorumPeerMainTest.Context,0.0
96,org.apache.zookeeper.server.quorum.Follower,0.0
97,org.apache.zookeeper.server.ZooKeeperServerBean,0.0
98,org.apache.zookeeper.ClientCnxnSocketNetty.WakeupPacket,0.0
99,org.apache.zookeeper.client.ZKClientConfigTest,0.0
100,org.apache.zookeeper.audit.ZKAuditLoggerPerformance,0.0
101,org.apache.zookeeper.recipes.lock.WriteLock.LockWatcher,0.0
102,org.apache.zookeeper.server.quorum.CloseSessionTxnTest.1,0.0
103,org.apache.zookeeper.metrics.impl.MetricsProviderBootstrap,0.0
104,org.apache.zookeeper.server.watch.WatchManagerTest.AddWatcherWorker,0.0
105,org.apache.zookeeper.util.CircularBlockingQueue,0.0
106,org.apache.zookeeper.server.admin.AdminServerFactory,0.0
107,org.apache.zookeeper.server.NodeHashMapImpl,0.0
108,org.apache.zookeeper.MockPacket,0.0
109,org.apache.zookeeper.server.quorum.QuorumStats.Provider,0.0
110,org.apache.zookeeper.server.util.BitMap,0.0
111,org.apache.zookeeper.server.persistence.TxnLogToolkit,0.0
112,org.apache.zookeeper.server.admin.Commands.CnxnStatResetCommand,0.0
113,org.apache.zookeeper.test.WatcherFuncTest.SimpleWatcher,0.0
114,org.apache.zookeeper.server.quorum.auth.QuorumKerberosHostBasedAuthTest,0.0
115,org.apache.zookeeper.graph.filterops.StringArg,0.0
116,org.apache.zookeeper.server.SessionTrackerTest.FirstProcessor,0.0
117,org.apache.zookeeper.recipes.leader.LeaderElectionSupportTest,0.0
118,org.apache.zookeeper.ZooKeeper.WatchRegistration,0.0
119,org.apache.zookeeper.TestableZooKeeper,0.0
120,org.apache.zookeeper.test.LoadFromLogNoServerTest,0.0
121,org.apache.zookeeper.server.admin.Commands,0.0
122,org.apache.zookeeper.ZooKeeperTest.1,0.0
123,org.apache.zookeeper.metrics.prometheus.PrometheusMetricsProvider.PrometheusCounter,0.0
124,org.apache.zookeeper.server.PrepRequestProcessorTest.1,0.0
125,org.apache.zookeeper.test.MultiAsyncTransactionTest.1,0.0
126,org.apache.zookeeper.metrics.impl.NullMetricsProvider,0.0
127,org.apache.zookeeper.server.quorum.ReconfigBackupTest,0.0
128,org.apache.zookeeper.cli.StatCommand,0.0
129,org.apache.zookeeper.common.NetUtils,0.0
130,org.apache.zookeeper.server.util.JvmPauseMonitor.JVMMonitor,0.0
131,org.apache.zookeeper.test.system.GenerateLoad.GeneratorInstance.ZooKeeperThread,0.0
132,org.apache.zookeeper.server.TxnLogDigestTest,0.0
133,org.apache.zookeeper.WatchDeregistration,0.0
134,org.apache.zookeeper.cli.ListQuotaCommand,0.0
135,org.apache.zookeeper.metrics.Summary,0.0
136,org.apache.zookeeper.server.quorum.QuorumCnxManager.Listener.ListenerHandler,0.0
137,org.apache.zookeeper.test.AsyncTest,0.0
138,org.apache.zookeeper.test.FLEZeroWeightTest.LEThread,0.0
139,org.apache.zookeeper.test.ResponseCacheTest,0.0
140,org.apache.zookeeper.server.SessionTrackerTest,0.0
141,org.apache.zookeeper.ClientRequestTimeoutTest.CustomClientCnxn,0.0
142,org.apache.jute.Utils,0.0
143,org.apache.jute.compiler.JByte,0.0
144,org.apache.zookeeper.server.WorkerService.WorkRequest,0.0
145,org.apache.zookeeper.server.quorum.QuorumPeerMainTest.CustomQuorumPeer,0.0
146,org.apache.zookeeper.server.quorum.StatResetCommandTest,0.0
147,org.apache.zookeeper.server.watch.WatcherCleaner.1,0.0
148,org.apache.zookeeper.test.MultiOperationTest.SyncCallback,0.0
149,org.apache.zookeeper.server.Request,0.0
150,org.apache.zookeeper.server.ZooKeeperServerCreationTest.1,0.0
151,org.apache.zookeeper.recipes.lock.ProtocolSupport,0.0
152,org.apache.zookeeper.KeeperException.ReconfigInProgress,0.0
153,org.apache.zookeeper.test.HierarchicalQuorumTest,0.0
154,org.apache.zookeeper.cli.CliException,0.0
155,org.apache.zookeeper.metrics.impl.NullMetricsProvider.NullSummarySet,0.0
156,org.apache.zookeeper.test.WatchEventWhenAutoResetTest,0.0
157,org.apache.zookeeper.inspector.gui.actions.AddNodeAction.1,0.0
158,org.apache.zookeeper.common.KeyStoreFileTypeTest,0.0
159,org.apache.zookeeper.server.util.RequestPathMetricsCollector.PathStatsQueue,0.0
160,org.apache.zookeeper.inspector.gui.ZooInspectorAboutDialog.1,0.0
161,org.apache.zookeeper.server.DatadirCleanupManager.PurgeTask,0.0
162,org.apache.zookeeper.server.PurgeTxnLog,0.0
163,org.apache.zookeeper.server.PrepRequestProcessorTest.MySessionTracker,0.0
164,org.apache.zookeeper.recipes.leader.LeaderOffer,0.0
165,org.apache.zookeeper.server.quorum.ReadOnlyRequestProcessor,0.0
166,com.nitido.utils.toaster.Toaster.SingleToaster,0.0
167,org.apache.zookeeper.cli.AclParser,0.0
168,org.apache.zookeeper.test.KeeperStateTest,0.0
169,org.apache.zookeeper.cli.AddWatchCommand,0.0
170,org.apache.zookeeper.MultiOperationRecord,0.0
171,org.apache.zookeeper.server.quorum.EpochWriteFailureTest,0.0
172,org.apache.zookeeper.server.RequestThrottlerTest,0.0
173,org.apache.zookeeper.test.AsyncOps.StringCB,0.0
174,org.apache.zookeeper.test.system.GenerateLoad.SlaveThread,0.0
175,org.apache.zookeeper.server.quorum.LearnerSessionTracker,0.0
176,org.apache.zookeeper.test.FollowerResyncConcurrencyTest.5.6,0.0
177,org.apache.zookeeper.graph.RandomAccessFileReader,0.0
178,org.apache.zookeeper.server.quorum.ObserverZooKeeperServer,0.0
179,org.apache.zookeeper.server.quorum.LearnerSyncThrottler.SyncType,0.0
180,org.apache.zookeeper.client.ZooKeeperSaslClient.1,0.0
181,org.apache.zookeeper.server.ZooKeeperSaslServer,0.0
182,org.apache.zookeeper.server.util.VerifyingFileFactoryTest,0.0
183,org.apache.zookeeper.test.WatcherTest.1,0.0
184,org.apache.zookeeper.test.WatcherTest.2,0.0
185,org.apache.zookeeper.KeeperException.NoAuthException,0.0
186,org.apache.zookeeper.common.BCFKSFileLoaderTest,0.0
187,org.apache.zookeeper.server.CreateContainerTest,0.0
188,org.apache.zookeeper.Shell.ShellTimeoutTimerTask,0.0
189,org.apache.zookeeper.common.KeyStoreLoader,0.0
190,org.apache.zookeeper.server.NettyServerCnxnFactory,0.0
191,org.apache.zookeeper.ServerConfigTest,0.0
192,org.apache.zookeeper.common.ZKConfig,0.0
193,org.apache.zookeeper.test.SaslAuthFailTest.MyWatcher,0.0
194,org.apache.zookeeper.server.persistence.FileTxnLog.PositionInputStream,0.0
195,org.apache.zookeeper.server.quorum.QuorumCnxManager,0.0
196,org.apache.zookeeper.server.SyncRequestProcessor,0.0
197,org.apache.zookeeper.test.ObserverMasterTest,0.0
198,org.apache.zookeeper.server.BlueThrottleTest.BlueThrottleWithMockRandom,0.0
199,org.apache.zookeeper.inspector.manager.Pair,0.0
200,org.apache.zookeeper.server.admin.Commands.DumpCommand,0.0
201,org.apache.zookeeper.server.metric.Metric,0.0
202,org.apache.zookeeper.server.quorum.ReconfigDuringLeaderSyncTest.1,0.0
203,org.apache.zookeeper.test.QuorumQuotaTest,0.0
204,org.apache.zookeeper.test.IntegrityCheck,0.0
205,org.apache.zookeeper.inspector.manager.ZooInspectorManagerImpl,0.0
206,org.apache.zookeeper.server.quorum.CommitProcessorConcurrencyTest.MockCommitProcessor.1,0.0
207,org.apache.zookeeper.server.admin.Commands.GetTraceMaskCommand,0.0
208,org.apache.zookeeper.server.quorum.CommitProcessorConcurrencyTest.MockCommitProcessor.2,0.0
209,org.apache.zookeeper.server.admin.CommandResponseTest,0.0
210,org.apache.zookeeper.SaslAuthTest,0.0
211,org.apache.zookeeper.server.watch.WatchManagerFactory,0.0
212,org.apache.zookeeper.server.watch.WatchesSummaryTest,0.0
213,org.apache.zookeeper.server.jersey.DeleteTest.MyWatcher,0.0
214,org.apache.zookeeper.server.util.RequestPathMetricsCollectorTest,0.0
215,org.apache.zookeeper.server.auth.KerberosName.BadFormatString,0.0
216,org.apache.zookeeper.Shell.1,0.0
217,org.apache.zookeeper.server.admin.AdminServer.AdminServerException,0.0
218,org.apache.zookeeper.server.command.DumpCommand,0.0
219,org.apache.zookeeper.DummyWatcher,0.0
220,org.apache.zookeeper.server.util.MessageTrackerTest,0.0
221,org.apache.zookeeper.test.DisconnectableZooKeeper,0.0
222,org.apache.zookeeper.test.FLEPredicateTest,0.0
223,org.apache.zookeeper.server.EphemeralType,0.0
224,org.apache.zookeeper.common.FileChangeWatcherTest,0.0
225,org.apache.zookeeper.server.jersey.ZooKeeperService.MyWatcher,0.0
226,org.apache.zookeeper.common.PathTrieTest,0.0
227,org.apache.zookeeper.test.ClientTest,0.0
228,org.apache.zookeeper.client.StaticHostProvider.Resolver,0.0
229,org.apache.zookeeper.server.ZKDatabase.1,0.0
230,org.apache.zookeeper.server.auth.SASLAuthenticationProvider,0.0
231,org.apache.zookeeper.server.quorum.QuorumServerConfigBuilder.ServerAddress,0.0
232,org.apache.zookeeper.test.ClientSkipACLTest,0.0
233,org.apache.zookeeper.inspector.gui.actions.AddNodeAction,0.0
234,org.apache.zookeeper.server.WorkerService,0.0
235,org.apache.zookeeper.server.admin.Commands.VotingViewCommand,0.0
236,org.apache.jute.compiler.CppGenerator,0.0
237,org.apache.zookeeper.test.X509AuthTest.TestPublicKey,0.0
238,org.apache.zookeeper.server.PrepRequestProcessorMetricsTest.SimpleWatcher,0.0
239,org.apache.zookeeper.metrics.prometheus.PrometheusMetricsProvider.Context,0.0
240,org.apache.zookeeper.server.quorum.RaceConditionTest,0.0
241,org.apache.zookeeper.server.jersey.SetTest.MyWatcher,0.0
242,org.apache.zookeeper.server.jersey.cfg.HostPortSet,0.0
243,org.apache.zookeeper.server.Emulate353TTLTest,0.0
244,org.apache.zookeeper.test.AuthTest,0.0
245,org.apache.zookeeper.server.ZooKeeperServerCreationTest,0.0
246,org.apache.zookeeper.server.metric.AvgMinMaxCounterSetTest,0.0
247,org.apache.zookeeper.server.ByteBufferInputStreamTest,0.0
248,org.apache.zookeeper.server.quorum.PrependableSocket,0.0
249,org.apache.zookeeper.common.AtomicFileWritingIdiomTest.3,0.0
250,org.apache.zookeeper.common.AtomicFileWritingIdiomTest.4,0.0
251,org.apache.zookeeper.common.AtomicFileWritingIdiomTest.1,0.0
252,org.apache.zookeeper.common.AtomicFileWritingIdiomTest.2,0.0
253,org.apache.zookeeper.test.system.SimpleSysTest,0.0
254,org.apache.zookeeper.common.AtomicFileWritingIdiomTest.7,0.0
255,org.apache.zookeeper.common.ZKTrustManagerTest.3,0.0
256,org.apache.zookeeper.common.AtomicFileWritingIdiomTest.8,0.0
257,org.apache.zookeeper.common.ZKTrustManagerTest.2,0.0
258,org.apache.zookeeper.server.RequestThrottlerTest.TestZooKeeperServer,0.0
259,org.apache.zookeeper.graph.filterops.XorOp,0.0
260,org.apache.zookeeper.common.AtomicFileWritingIdiomTest.5,0.0
261,org.apache.zookeeper.common.ZKTrustManagerTest.1,0.0
262,org.apache.zookeeper.server.quorum.ZabUtils,0.0
263,org.apache.zookeeper.common.AtomicFileWritingIdiomTest.6,0.0
264,org.apache.zookeeper.common.AtomicFileWritingIdiomTest.9,0.0
265,org.apache.zookeeper.server.quorum.Zab1_0Test.10,0.0
266,org.apache.zookeeper.server.util.AuthUtil,0.0
267,org.apache.zookeeper.server.quorum.ServerBean,0.0
268,org.apache.zookeeper.server.jersey.Base,0.0
269,org.apache.zookeeper.server.metric.AvgMinMaxPercentileCounter.ResettableUniformReservoir,0.0
270,org.apache.zookeeper.test.system.InstanceContainer.MyDataCallback,0.0
271,org.apache.zookeeper.metrics.impl.NullMetricsProvider.NullSummary,0.0
272,org.apache.zookeeper.graph.TxnLogSource.TxnLogSourceIterator,0.0
273,org.apache.zookeeper.graph.LogEntry.Type,0.0
274,org.apache.zookeeper.server.quorum.LeaderZooKeeperServer,0.0
275,org.apache.zookeeper.ZooDefs.OpCode,0.0
276,org.apache.zookeeper.test.LocalSessionRequestTest,0.0
277,org.apache.zookeeper.test.NettyNettySuiteBase,0.0
278,org.apache.zookeeper.ZooDefs,0.0
279,org.apache.zookeeper.KeeperException.EphemeralOnLocalSessionException,0.0
280,org.apache.zookeeper.server.quorum.QuorumCnxManager.InitialMessage.InitialMessageException,0.0
281,org.apache.zookeeper.server.watch.WatchBench,0.0
282,org.apache.zookeeper.server.util.MessageTracker.BufferedMessage,0.0
283,org.apache.zookeeper.server.quorum.QuorumPeer,0.0
284,org.apache.zookeeper.server.quorum.UnifiedServerSocket.UnifiedOutputStream,0.0
285,org.apache.zookeeper.common.X509TestContext.Builder,0.0
286,org.apache.zookeeper.server.quorum.QuorumPeer.1,0.0
287,org.apache.zookeeper.server.quorum.QuorumPeer.2,0.0
288,org.apache.jute.InputArchive,0.0
289,org.apache.zookeeper.server.persistence.FileTxnSnapLog.1,0.0
290,org.apache.zookeeper.server.persistence.FileTxnSnapLog.2,0.0
291,org.apache.zookeeper.server.util.MessageTracker,0.0
292,org.apache.zookeeper.ClientCnxnSocketFragilityTest.GetDataRetryForeverBackgroundTask,0.0
293,org.apache.zookeeper.test.ClientRetryTest,0.0
294,org.apache.zookeeper.test.QuorumUtil.PeerStruct,0.0
295,org.apache.zookeeper.recipes.queue.DistributedQueue,0.0
296,org.apache.zookeeper.test.system.InstanceManager.1,0.0
297,org.apache.zookeeper.server.jersey.WadlTest,0.0
298,org.apache.zookeeper.ClientCnxnSocketNIO,0.0
299,org.apache.zookeeper.server.persistence.SnapStreamTest,0.0
300,org.apache.zookeeper.server.quorum.ServerMXBean,0.0
301,org.apache.zookeeper.server.quorum.LeaderBean,0.0
302,org.apache.zookeeper.server.quorum.Learner.PacketInFlight,0.0
303,org.apache.zookeeper.server.ZooKeeperServerMaxCnxnsTest,0.0
304,org.apache.zookeeper.test.RepeatStartupTest,0.0
305,org.apache.zookeeper.inspector.manager.NodeListener,0.0
306,org.apache.zookeeper.common.AtomicFileOutputStream,0.0
307,org.apache.zookeeper.test.ClientBase,0.0
308,org.apache.zookeeper.server.quorum.QuorumPeer.ZabState,0.0
309,org.apache.zookeeper.server.quorum.QuorumDigestTest.1.2,0.0
310,org.apache.zookeeper.server.watch.WatcherOrBitSetTest,0.0
311,org.apache.zookeeper.test.ClientHammerTest.BasicHammerThread,0.0
312,org.apache.zookeeper.test.ZooKeeperQuotaTest,0.0
313,org.apache.zookeeper.server.admin.Commands.SetTraceMaskCommand,0.0
314,org.apache.zookeeper.server.quorum.FastLeaderElection.ToSend.mType,0.0
315,org.apache.zookeeper.test.SaslAuthDesignatedClientTest,0.0
316,org.apache.zookeeper.common.IOUtils,0.0
317,com.nitido.utils.toaster.Toaster,0.0
318,org.apache.zookeeper.server.jersey.cfg.RestCfg,0.0
319,org.apache.zookeeper.server.quorum.LearnerHandlerTest,0.0
320,org.apache.zookeeper.server.ConnectionMetricsTest,0.0
321,org.apache.zookeeper.server.quorum.QuorumCnxManager.QuorumConnectionReqThread,0.0
322,org.apache.zookeeper.ZKUtilTest,0.0
323,org.apache.zookeeper.test.AsyncHammerTest,0.0
324,org.apache.zookeeper.common.ZKConfigTest,0.0
325,org.apache.zookeeper.KeeperException.UnimplementedException,0.0
326,org.apache.zookeeper.metrics.MetricsContext,0.0
327,org.apache.zookeeper.ZKParameterized.Runner,0.0
328,org.apache.zookeeper.test.StaticHostProviderTest.2,0.0
329,org.apache.zookeeper.test.StaticHostProviderTest.3,0.0
330,org.apache.zookeeper.test.StaticHostProviderTest.4,0.0
331,org.apache.zookeeper.test.StaticHostProviderTest.5,0.0
332,org.apache.zookeeper.server.ConnectionBean,0.0
333,org.apache.zookeeper.test.StaticHostProviderTest.1,0.0
334,org.apache.jute.ToStringOutputArchive,0.0
335,org.apache.zookeeper.server.persistence.SnapShot,0.0
336,org.apache.zookeeper.server.admin.Commands.ObserverCnxnStatResetCommand,0.0
337,org.apache.zookeeper.test.IntegrityCheck.1,0.0
338,org.apache.zookeeper.AsyncCallback,0.0
339,org.apache.zookeeper.test.TestByteBufAllocatorTestHelper,0.0
340,org.apache.zookeeper.server.jersey.CreateTest.MyWatcher,0.0
341,org.apache.zookeeper.server.jersey.jaxb.ZError,0.0
342,org.apache.zookeeper.test.SaslSuperUserTest,0.0
343,org.apache.zookeeper.server.quorum.auth.NullQuorumAuthServer,0.0
344,org.apache.zookeeper.server.auth.ProviderRegistry,0.0
345,org.apache.zookeeper.server.jersey.jaxb.ZSession,0.0
346,org.apache.zookeeper.metrics.BaseTestMetricsProvider.MetricsProviderWithErrorInConfigure,0.0
347,org.apache.zookeeper.RemoveWatchesTest,0.0
348,org.apache.zookeeper.server.SessionTracker.Session,0.0
349,org.apache.zookeeper.common.FileKeyStoreLoaderBuilderProvider,0.0
350,org.apache.zookeeper.server.admin.Commands.DigestCommand,0.0
351,org.apache.zookeeper.inspector.gui.nodeviewer.NodeViewerMetaData.1,0.0
352,org.apache.zookeeper.cli.SetAclCommand,0.0
353,org.apache.zookeeper.server.watch.IDeadWatcherListener,0.0
354,org.apache.zookeeper.server.quorum.FLETestUtils.LEThread,0.0
355,org.apache.zookeeper.common.X509UtilTest,0.0
356,org.apache.zookeeper.test.system.Instance,0.0
357,org.apache.zookeeper.server.DataNodeTest,0.0
358,org.apache.zookeeper.common.AtomicFileWritingIdiom.OutputStreamStatement,0.0
359,org.apache.zookeeper.test.EmptiedSnapshotRecoveryTest,0.0
360,org.apache.jute.compiler.JType,0.0
361,org.apache.zookeeper.server.admin.Commands.InitialConfigurationCommand,0.0
362,org.apache.zookeeper.server.quorum.QuorumPeerMainTest.2.3,0.0
363,org.apache.zookeeper.server.quorum.QuorumCnxManagerSocketConnectionTimeoutTest,0.0
364,org.apache.zookeeper.metrics.BaseTestMetricsProvider.MetricsProviderWithErrorInStop,0.0
365,org.apache.zookeeper.AsyncCallback.MultiCallback,0.0
366,org.apache.zookeeper.server.NettyServerCnxnTest.1,0.0
367,org.apache.zookeeper.server.NettyServerCnxnTest.4,0.0
368,org.apache.zookeeper.server.NettyServerCnxnTest.5,0.0
369,org.apache.zookeeper.server.NettyServerCnxnTest.2,0.0
370,org.apache.zookeeper.server.NettyServerCnxnTest.3,0.0
371,org.apache.zookeeper.server.NettyServerCnxnTest.6,0.0
372,org.apache.zookeeper.test.WatcherTest.3,0.0
373,org.apache.zookeeper.common.JKSFileLoaderTest,0.0
374,org.apache.zookeeper.server.quorum.SendAckRequestProcessor,0.0
375,org.apache.zookeeper.test.TestHammer,0.0
376,org.apache.zookeeper.server.quorum.FuzzySnapshotRelatedTest.5,0.0
377,org.apache.zookeeper.server.watch.PathParentIterator,0.0
378,org.apache.zookeeper.server.quorum.FuzzySnapshotRelatedTest.6,0.0
379,org.apache.zookeeper.server.quorum.QuorumCnxManager.SendWorker,0.0
380,org.apache.zookeeper.ZooKeeper.States,0.0
381,org.apache.zookeeper.server.quorum.FuzzySnapshotRelatedTest.7,0.0
382,org.apache.zookeeper.server.NettyServerCnxn.HandshakeState,0.0
383,org.apache.zookeeper.server.quorum.QuorumPeerMainTest.NewLeaderReceivedCallback,0.0
384,org.apache.zookeeper.audit.StandaloneServerAuditTest,0.0
385,org.apache.zookeeper.server.quorum.LocalPeerMXBean,0.0
386,org.apache.zookeeper.test.ClientPortBindTest,0.0
387,org.apache.zookeeper.server.PrepRequestProcessorMetricsTest,0.0
388,org.apache.zookeeper.server.quorum.QuorumPeerMainTest.InjectableQuorumPeerMain,0.0
389,org.apache.zookeeper.test.AsyncOps.ACLCB,0.0
390,org.apache.zookeeper.server.admin.CommandOutputter,0.0
391,org.apache.zookeeper.server.ConnectionMetricsTest.FakeSK,0.0
392,org.apache.zookeeper.server.NettyServerCnxnFactory.CertificateVerifier,0.0
393,org.apache.zookeeper.GetAllChildrenNumberTest,0.0
394,org.apache.zookeeper.server.quorum.ObserverRequestProcessor,0.0
395,org.apache.zookeeper.server.admin.CommandsTest.Field,0.0
396,org.apache.zookeeper.server.quorum.FuzzySnapshotRelatedTest.1,0.0
397,org.apache.zookeeper.server.quorum.FuzzySnapshotRelatedTest.2,0.0
398,org.apache.zookeeper.test.system.GenerateLoad.StatusWatcher,0.0
399,org.apache.zookeeper.server.quorum.FuzzySnapshotRelatedTest.3,0.0
400,org.apache.zookeeper.server.metric.AvgMinMaxPercentileCounterSet,0.0
401,org.apache.zookeeper.test.ObserverTest,0.0
402,org.apache.zookeeper.graph.JsonGenerator.Message,0.0
403,org.apache.zookeeper.KeeperException.InvalidACLException,0.0
404,org.apache.zookeeper.common.X509UtilTest.1,0.0
405,org.apache.zookeeper.test.SessionTest.CountdownWatcher,0.0
406,org.apache.zookeeper.recipes.lock.WriteLock,0.0
407,org.apache.zookeeper.JaasConfiguration,0.0
408,org.apache.zookeeper.server.persistence.FileTxnSnapLog,0.0
409,org.apache.zookeeper.cli.SetCommand,0.0
410,org.apache.zookeeper.common.FileKeyStoreLoader.Builder,0.0
411,org.apache.zookeeper.server.quorum.FuzzySnapshotRelatedTest.SetDataTxnListener,0.0
412,org.apache.zookeeper.server.auth.DigestLoginModule,0.0
413,org.apache.zookeeper.cli.SetQuotaCommand,0.0
414,org.apache.zookeeper.server.command.StatCommand,0.0
415,org.apache.zookeeper.recipes.leader.LeaderElectionSupport.State,0.0
416,org.apache.zookeeper.server.ByteBufferOutputStream,0.0
417,org.apache.zookeeper.test.PersistentWatcherTest,0.0
418,org.apache.jute.compiler.JRecord,0.0
419,org.apache.zookeeper.server.quorum.QuorumRequestPipelineTest.1,0.0
420,org.apache.zookeeper.common.X509TestHelpers,0.0
421,org.apache.zookeeper.server.ReferenceCountedACLCache,0.0
422,org.apache.zookeeper.server.quorum.LearnerTest.1,0.0
423,org.apache.zookeeper.server.quorum.QuorumCnxManager.QuorumConnectionReceiverThread,0.0
424,org.apache.zookeeper.audit.Log4jAuditLogger,0.0
425,org.apache.zookeeper.Shell.ShellCommandExecutor,0.0
426,org.apache.zookeeper.server.quorum.LearnerHandler.1,0.0
427,org.apache.zookeeper.JUnit4ZKTestRunner,0.0
428,org.apache.zookeeper.server.EphemeralTypeTest,0.0
429,org.apache.zookeeper.server.ZooKeeperCriticalThreadMetricsTest,0.0
430,org.apache.zookeeper.server.NIOServerCnxnFactory.2,0.0
431,org.apache.zookeeper.cli.MalformedPathException,0.0
432,org.apache.zookeeper.server.NIOServerCnxnFactory.1,0.0
433,org.apache.zookeeper.server.quorum.LocalPeerBeanTest,0.0
434,org.apache.zookeeper.server.watch.WatchBench.InvocationState,0.0
435,org.apache.zookeeper.server.util.CircularBuffer,0.0
436,org.apache.zookeeper.server.quorum.ReconfigDuringLeaderSyncTest.CustomQuorumPeer,0.0
437,org.apache.zookeeper.server.command.RuokCommand,0.0
438,org.apache.zookeeper.Op.Check,0.0
439,org.apache.zookeeper.inspector.manager.ZooInspectorReadOnlyManager,0.0
440,org.apache.zookeeper.server.quorum.QuorumPeerMainMultiAddressTest,0.0
441,org.apache.zookeeper.ClientRequestTimeoutTest.CustomZooKeeper,0.0
442,org.apache.zookeeper.server.util.AdHashTest,0.0
443,org.apache.zookeeper.server.quorum.Zab1_0Test.LeaderConversation,0.0
444,org.apache.zookeeper.common.FileChangeWatcher.State,0.0
445,org.apache.zookeeper.server.quorum.CnxManagerTest.CnxManagerThread,0.0
446,org.apache.zookeeper.server.quorum.FuzzySnapshotRelatedTest.CustomizedQPMain.8.10.11,0.0
447,org.apache.zookeeper.test.AsyncOps.DataCB,0.0
448,org.apache.zookeeper.ClientCnxnSocketFragilityTest,0.0
449,org.apache.zookeeper.GetEphemeralsTest.1,0.0
450,org.apache.zookeeper.GetEphemeralsTest.2,0.0
451,org.apache.zookeeper.server.persistence.TxnLog,0.0
452,org.apache.zookeeper.server.persistence.FileTxnSnapLog.RestoreFinalizer,0.0
453,org.apache.zookeeper.server.DatadirCleanupManager,0.0
454,org.apache.zookeeper.server.quorum.auth.QuorumAuth,0.0
455,org.apache.zookeeper.GetEphemeralsTest.3,0.0
456,org.apache.zookeeper.recipes.leader.LeaderElectionAware,0.0
457,org.apache.zookeeper.common.PEMFileLoader,0.0
458,org.apache.zookeeper.server.command.ConfCommand,0.0
459,org.apache.zookeeper.common.PathUtils,0.0
460,org.apache.zookeeper.test.system.InstanceManager.Assigned,0.0
461,org.apache.zookeeper.server.ObserverBean,0.0
462,org.apache.zookeeper.server.quorum.ReconfigRollingRestartCompatibilityTest,0.0
463,org.apache.zookeeper.common.BCFKSFileLoader.Builder,0.0
464,org.apache.zookeeper.test.QuorumUtil,0.0
465,org.apache.zookeeper.server.jersey.ZooKeeperService.SessionTimerTask,0.0
466,org.apache.zookeeper.server.NIOServerCnxnTest,0.0
467,org.apache.zookeeper.ZooKeeper.AddWatchRegistration,0.0
468,org.apache.zookeeper.AsyncCallback.EphemeralsCallback,0.0
469,org.apache.zookeeper.server.quorum.LeaderBeanTest.1,0.0
470,org.apache.zookeeper.server.quorum.LeaderBeanTest.2,0.0
471,org.apache.zookeeper.server.command.ConsCommand,0.0
472,org.apache.zookeeper.test.MultiOperationTest.HasTriggeredWatcher,0.0
473,org.apache.zookeeper.server.DataTree.ProcessTxnResult,0.0
474,org.apache.zookeeper.server.ServerStats,0.0
475,org.apache.zookeeper.ZooKeeper.ChildWatchRegistration,0.0
476,org.apache.zookeeper.ZookeeperBanner,0.0
477,org.apache.zookeeper.test.QuorumUtilTest,0.0
478,org.apache.zookeeper.server.quorum.UnifiedServerSocket.UnifiedSocket,0.0
479,org.apache.zookeeper.inspector.gui.NodeViewersChangeListener,0.0
480,org.apache.zookeeper.server.admin.Commands.SystemPropertiesCommand,0.0
481,org.apache.zookeeper.server.quorum.CommitProcessorTest.ValidateProcessor,0.0
482,org.apache.zookeeper.server.quorum.QuorumPeer.QuorumServer,0.0
483,org.apache.zookeeper.server.quorum.FuzzySnapshotRelatedTest.CustomizedQPMain.8,0.0
484,org.apache.zookeeper.test.FLERestartTest,0.0
485,org.apache.zookeeper.common.X509UtilTest.SslContextSupplier,0.0
486,org.apache.zookeeper.inspector.gui.ZooInspectorConnectionPropertiesDialog.2,0.0
487,org.apache.zookeeper.inspector.gui.ZooInspectorConnectionPropertiesDialog.1,0.0
488,org.apache.zookeeper.server.DatadirCleanupManager.PurgeTaskStatus,0.0
489,org.apache.zookeeper.server.quorum.LeaderWithObserverTest,0.0
490,org.apache.zookeeper.inspector.gui.ZooInspectorConnectionPropertiesDialog.4,0.0
491,org.apache.zookeeper.inspector.gui.ZooInspectorConnectionPropertiesDialog.3,0.0
492,org.apache.zookeeper.server.persistence.EmptySnapshotTest.MockFileSnap,0.0
493,org.apache.zookeeper.graph.servlets.NumEvents,0.0
494,org.apache.zookeeper.server.util.BitHashSet,0.0
495,org.apache.zookeeper.test.WatchedEventTest,0.0
496,org.apache.zookeeper.test.AsyncOps.MultiCB,0.0
497,org.apache.zookeeper.server.persistence.FileTxnSnapLogTest,0.0
498,org.apache.zookeeper.server.admin.Commands.VotingViewCommand.QuorumServerView,0.0
499,org.apache.zookeeper.server.jersey.resources.ZNodeResource,0.0
500,org.apache.zookeeper.server.util.LogChopper,0.0
501,org.apache.zookeeper.server.WorkerService.ScheduledWorkRequest,0.0
502,org.apache.zookeeper.server.quorum.RaceConditionTest.MockSyncRequestProcessor,0.0
503,org.apache.zookeeper.server.quorum.ReadOnlyZooKeeperServer,0.0
504,org.apache.zookeeper.server.watch.WatchesPathReport,0.0
505,org.apache.zookeeper.test.ClientTest.MyWatcher,0.0
506,org.apache.zookeeper.recipes.lock.WriteLockTest.LockCallback,0.0
507,org.apache.zookeeper.test.PersistentWatcherTest.1,0.0
508,org.apache.jute.TestWriter,0.0
509,org.apache.zookeeper.test.PersistentWatcherTest.2,0.0
510,org.apache.zookeeper.test.SaslClientTest,0.0
511,org.apache.zookeeper.server.CreateTTLTest.3,0.0
512,org.apache.zookeeper.server.CreateTTLTest.2,0.0
513,org.apache.zookeeper.server.CreateTTLTest.1,0.0
514,org.apache.zookeeper.server.quorum.QuorumRequestPipelineTest,0.0
515,org.apache.zookeeper.RemoveWatchesCmdTest.MyWatcher,0.0
516,org.apache.zookeeper.server.TxnLogProposalIterator,0.0
517,org.apache.zookeeper.server.DigestCalculator,0.0
518,org.apache.zookeeper.KeeperException.ReconfigDisabledException,0.0
519,org.apache.zookeeper.test.QuorumTest.1,0.0
520,org.apache.zookeeper.test.QuorumTest.3,0.0
521,org.apache.zookeeper.test.QuorumTest.2,0.0
522,org.apache.zookeeper.server.quorum.CommitProcessor,0.0
523,org.apache.zookeeper.inspector.gui.ZooInspectorNodeViewersDialog.11,0.0
524,org.apache.zookeeper.BenchMain,0.0
525,org.apache.zookeeper.server.admin.Commands.MonitorCommand,0.0
526,org.apache.zookeeper.inspector.gui.ZooInspectorNodeViewersDialog.10,0.0
527,org.apache.zookeeper.KeeperException.ConnectionLossException,0.0
528,org.apache.zookeeper.test.RecoveryTest,0.0
529,org.apache.zookeeper.test.DuplicateLocalSessionUpgradeTest,0.0
530,org.apache.zookeeper.test.system.GenerateLoad.GeneratorInstance.1,0.0
531,org.apache.zookeeper.cli.CliCommand,0.0
532,org.apache.zookeeper.server.jersey.resources.ZErrorWriter,0.0
533,org.apache.zookeeper.server.util.OSMXBean,0.0
534,org.apache.zookeeper.JLineZNodeCompleter,0.0
535,org.apache.zookeeper.test.system.GenerateLoad.ReporterThread,0.0
536,org.apache.zookeeper.audit.AuditConstants,0.0
537,org.apache.zookeeper.server.quorum.DIFFSyncConsistencyTest,0.0
538,org.apache.zookeeper.ClientCnxnSocketNetty,0.0
539,org.apache.zookeeper.test.ZkDatabaseCorruptionTest,0.0
540,org.apache.zookeeper.test.SessionTimeoutTest,0.0
541,org.apache.zookeeper.graph.LogSkipList,0.0
542,org.apache.zookeeper.server.util.PortForwarder.PortForwardWorker,0.0
543,org.apache.zookeeper.test.ACLCountTest.1,0.0
544,org.apache.zookeeper.ClientCnxn.Packet,0.0
545,org.apache.zookeeper.server.persistence.Util.DataDirFileComparator,0.0
546,org.apache.zookeeper.common.TimeTest,0.0
547,org.apache.zookeeper.KeeperException.NotEmptyException,0.0
548,org.apache.zookeeper.server.util.AuthUtilTest,0.0
549,org.apache.zookeeper.Transaction,0.0
550,org.apache.zookeeper.test.ChrootAsyncTest,0.0
551,org.apache.zookeeper.server.quorum.CnxManagerTest.1,0.0
552,org.apache.zookeeper.server.quorum.CnxManagerTest.3,0.0
553,org.apache.zookeeper.server.quorum.UnifiedServerSocketModeDetectionTest.1,0.0
554,org.apache.zookeeper.server.quorum.Leader.ToBeAppliedRequestProcessor,0.0
555,org.apache.zookeeper.server.MockNIOServerCnxn,0.0
556,org.apache.zookeeper.server.command.NopCommand,0.0
557,org.apache.zookeeper.jmx.MBeanRegistry,0.0
558,org.apache.zookeeper.metrics.MetricsProviderLifeCycleException,0.0
559,org.apache.zookeeper.server.persistence.FileTxnSnapLogMetricsTest.MockWatcher,0.0
560,org.apache.zookeeper.WatchedEvent,0.0
561,org.apache.zookeeper.client.ConnectStringParser,0.0
562,org.apache.zookeeper.ClientReconnectTest.MockCnxn,0.0
563,org.apache.zookeeper.graph.Log4JSource,0.0
564,org.apache.zookeeper.server.PrepRequestProcessorTest.MyRequestProcessor,0.0
565,org.apache.zookeeper.server.ZooKeeperServerBeanTest,0.0
566,org.apache.zookeeper.server.quorum.ReconfigDuringLeaderSyncTest,0.0
567,org.apache.zookeeper.metrics.prometheus.PrometheusMetricsProviderTest,0.0
568,org.apache.zookeeper.server.quorum.UpgradeableSessionTracker,0.0
569,org.apache.zookeeper.test.system.QuorumPeerInstance,0.0
570,org.apache.zookeeper.server.command.SetTraceMaskCommand,0.0
571,org.apache.zookeeper.util.ServiceUtils,0.0
572,org.apache.zookeeper.server.quorum.LearnerHandlerTest.MockZKDatabase,0.0
573,org.apache.zookeeper.graph.LogEntry,0.0
574,org.apache.zookeeper.server.watch.WatcherCleanerTest,0.0
575,org.apache.zookeeper.server.quorum.QuorumCnxManager.Message,0.0
576,org.apache.zookeeper.server.quorum.QuorumPeerTestBase.Servers,0.0
577,org.apache.zookeeper.test.ClientSSLTest,0.0
578,org.apache.zookeeper.ZooKeeperMain.MyCommandOptions,0.0
579,org.apache.zookeeper.ClientCnxnSocketTest,0.0
580,org.apache.zookeeper.common.KeyStoreFileType,0.0
581,org.apache.zookeeper.server.quorum.QuorumPeerConfig.3,0.0
582,org.apache.zookeeper.server.quorum.QuorumPeerConfig.2,0.0
583,org.apache.zookeeper.server.quorum.QuorumPeerConfig.1,0.0
584,org.apache.zookeeper.server.persistence.EmptySnapshotTest,0.0
585,org.apache.zookeeper.test.StandaloneTest,0.0
586,org.apache.zookeeper.graph.TxnLogSource,0.0
587,org.apache.zookeeper.common.X509Util,0.0
588,org.apache.zookeeper.graph.servlets.StaticContent,0.0
589,org.apache.zookeeper.cli.DeleteAllCommand,0.0
590,org.apache.zookeeper.inspector.manager.ZooInspectorNodeManager,0.0
591,org.apache.zookeeper.server.util.MessageTracker.Direction,0.0
592,org.apache.zookeeper.Op.GetData,0.0
593,org.apache.zookeeper.test.StaticHostProviderTest.TestResolver,0.0
594,org.apache.zookeeper.common.StandardTypeFileKeyStoreLoader,0.0
595,org.apache.zookeeper.server.ServerCnxn.EndOfStreamException,0.0
596,org.apache.jute.compiler.JVector,0.0
597,org.apache.zookeeper.client.ZooKeeperSaslClient,0.0
598,org.apache.zookeeper.server.NIOServerCnxnFactory.ConnectionExpirerThread,0.0
599,org.apache.zookeeper.server.command.CnxnStatResetCommand,0.0
600,org.apache.zookeeper.inspector.ZooInspector,0.0
601,org.apache.zookeeper.server.quorum.DelayRequestProcessor,0.0
602,org.apache.zookeeper.server.RequestThrottlerTest.TestPrepRequestProcessor,0.0
603,org.apache.zookeeper.server.util.RequestPathMetricsCollector,0.0
604,org.apache.zookeeper.server.quorum.flexible.QuorumVerifier,0.0
605,org.apache.zookeeper.server.watch.RecursiveWatchQtyTest,0.0
606,org.apache.zookeeper.metrics.prometheus.PrometheusMetricsProvider.MetricsServletImpl,0.0
607,org.apache.zookeeper.server.quorum.LearnerTest.SimpleLearnerZooKeeperServer,0.0
608,org.apache.zookeeper.test.ReconfigMisconfigTest,0.0
609,org.apache.zookeeper.TestableZooKeeper.TestableClientCnxn,0.0
610,org.apache.zookeeper.Op.SetData,0.0
611,org.apache.zookeeper.ClientCnxnSocketFragilityTest.CustomZooKeeper,0.0
612,org.apache.zookeeper.server.admin.Commands.WatchesByPathCommand,0.0
613,org.apache.zookeeper.server.CreateTTLTest,0.0
614,org.apache.zookeeper.recipes.lock.ZNodeName,0.0
615,org.apache.zookeeper.server.watch.WatcherCleaner,0.0
616,org.apache.zookeeper.server.ZooKeeperServer,0.0
617,org.apache.zookeeper.audit.AuditEvent,0.0
618,org.apache.zookeeper.server.FinalRequestProcessor,0.0
619,org.apache.zookeeper.server.ZooKeeperServerMaxCnxnsTest.1,0.0
620,org.apache.zookeeper.common.FileChangeWatcher,0.0
621,org.apache.zookeeper.test.NettyNettySuiteHammerTest,0.0
622,org.apache.zookeeper.test.SessionTrackerCheckTest,0.0
623,org.apache.zookeeper.server.DataTree,0.0
624,org.apache.zookeeper.server.quorum.LeaderElectionBean,0.0
625,org.apache.zookeeper.graph.MergedLogSource,0.0
626,org.apache.zookeeper.test.AtomicFileOutputStreamTest.1,0.0
627,org.apache.zookeeper.test.StaticHostProviderTest,0.0
628,org.apache.zookeeper.test.UnsupportedAddWatcherTest.StubbedWatchManager,0.0
629,org.apache.zookeeper.AsyncCallback.Children2Callback,0.0
630,org.apache.zookeeper.test.NioNettySuiteTest,0.0
631,org.apache.zookeeper.server.quorum.Zab1_0Test.TrackerWatcher,0.0
632,org.apache.zookeeper.server.persistence.TxnLogToolkit.TxnLogToolkitParseException,0.0
633,org.apache.zookeeper.server.quorum.auth.MiniKdc,0.0
634,org.apache.zookeeper.common.ZKHostnameVerifierTest,0.0
635,org.apache.zookeeper.RemoveWatchesCmdTest,0.0
636,org.apache.zookeeper.server.DatadirCleanupManagerTest,0.0
637,org.apache.zookeeper.ClientCanonicalizeTest,0.0
638,org.apache.zookeeper.Watcher.Event.KeeperState,0.0
639,org.apache.zookeeper.server.persistence.SnapStream.StreamMode,0.0
640,org.apache.zookeeper.server.admin.ReadAheadEndpoint,0.0
641,org.apache.zookeeper.server.ZooKeeperServerTest,0.0
642,org.apache.zookeeper.recipes.queue.DistributedQueueTest,0.0
643,org.apache.zookeeper.SaslClientCallbackHandler,0.0
644,org.apache.zookeeper.graph.Log4JSource.Log4JSourceIterator,0.0
645,org.apache.zookeeper.server.quorum.FuzzySnapshotRelatedTest.NodeSerializeListener,0.0
646,org.apache.zookeeper.server.quorum.StandaloneDisabledTest,0.0
647,org.apache.zookeeper.OpResult.SetDataResult,0.0
648,org.apache.zookeeper.server.ServerConfig,0.0
649,org.apache.zookeeper.server.ZooKeeperCriticalThreadMetricsTest.MyPrepRequestProcessor,0.0
650,org.apache.zookeeper.cli.GetCommand,0.0
651,org.apache.zookeeper.server.quorum.FLEMalformedNotificationMessageTest,0.0
652,org.apache.zookeeper.server.NettyServerCnxn.SendBufferWriter,0.0
653,org.apache.zookeeper.server.quorum.QuorumBean,0.0
654,org.apache.jute.Index,0.0
655,org.apache.zookeeper.common.StringUtils,0.0
656,org.apache.zookeeper.test.SessionTrackerCheckTest.1,0.0
657,org.apache.zookeeper.test.system.GenerateLoad.AcceptorThread,0.0
658,org.apache.zookeeper.server.quorum.Zab1_0Test.FollowerConversation,0.0
659,org.apache.zookeeper.server.DataTreeTest.2.3,0.0
660,org.apache.zookeeper.server.admin.Commands.LastSnapshotCommand,0.0
661,org.apache.zookeeper.server.persistence.TxnLog.TxnIterator,0.0
662,org.apache.zookeeper.metrics.MetricsContext.DetailLevel,0.0
663,org.apache.zookeeper.Testable,0.0
664,org.apache.zookeeper.server.quorum.QuorumPeerMainTest,1.0
665,org.apache.zookeeper.test.AuthFailX509AuthenticationProvider,0.0
666,org.apache.zookeeper.test.FLENewEpochTest,0.0
667,org.apache.zookeeper.server.ZooKeeperServerMainTest.1,0.0
668,org.apache.zookeeper.server.NettyServerCnxnFactoryTest,0.0
669,org.apache.jute.compiler.JCompType,0.0
670,org.apache.zookeeper.common.ZKHostnameVerifier,0.0
671,org.apache.zookeeper.server.quorum.QuorumCnxManagerSocketConnectionTimeoutTest.SocketStub,0.0
672,org.apache.zookeeper.KeeperException,0.0
673,org.apache.zookeeper.server.ContainerManager,0.0
674,org.apache.zookeeper.server.auth.KeyAuthenticationProvider,0.0
675,org.apache.zookeeper.test.NonRecoverableErrorTest.1,0.0
676,org.apache.zookeeper.server.quorum.FuzzySnapshotRelatedTest.CommitSessionListener,0.0
677,org.apache.zookeeper.inspector.gui.Toolbar,0.0
678,org.apache.zookeeper.server.ExitCode,0.0
679,org.apache.zookeeper.KeeperException.SessionExpiredException,0.0
680,org.apache.jute.compiler.JBuffer,0.0
681,org.apache.zookeeper.server.watch.PathParentIteratorTest,0.0
682,org.apache.zookeeper.server.persistence.FileTxnLog.FileTxnIterator,0.0
683,org.apache.zookeeper.SaslServerPrincipal.WrapperInetAddress,0.0
684,org.apache.zookeeper.server.jersey.GetTest,0.0
685,org.apache.zookeeper.test.MultiOperationTest.4,0.0
686,org.apache.zookeeper.inspector.gui.ZooInspectorNodeViewersDialog.9,0.0
687,org.apache.zookeeper.test.MultiOperationTest.3,0.0
688,org.apache.zookeeper.client.HostProvider,0.0
689,org.apache.zookeeper.test.MultiOperationTest.2,0.0
690,org.apache.zookeeper.test.MultiOperationTest.1,0.0
691,org.apache.zookeeper.graph.servlets.Throughput,0.0
692,org.apache.zookeeper.inspector.gui.ZooInspectorNodeViewersDialog.6,0.0
693,org.apache.zookeeper.graph.servlets.JsonServlet,0.0
694,org.apache.zookeeper.inspector.gui.ZooInspectorNodeViewersDialog.5,0.0
695,org.apache.zookeeper.inspector.gui.ZooInspectorNodeViewersDialog.8,0.0
696,org.apache.zookeeper.inspector.gui.ZooInspectorNodeViewersDialog.7,0.0
697,org.apache.zookeeper.inspector.gui.ZooInspectorNodeViewersDialog.2,0.0
698,org.apache.zookeeper.inspector.gui.ZooInspectorNodeViewersDialog.1,0.0
699,org.apache.zookeeper.inspector.gui.ZooInspectorNodeViewersDialog.4,0.0
700,org.apache.zookeeper.inspector.gui.ZooInspectorNodeViewersDialog.3,0.0
701,org.apache.zookeeper.server.FinalRequestProcessorTest,0.0
702,org.apache.zookeeper.client.FourLetterWordMain,0.0
703,org.apache.zookeeper.inspector.encryption.DataEncryptionManager,0.0
704,org.apache.zookeeper.server.LogFormatter,0.0
705,org.apache.zookeeper.server.quorum.auth.KerberosSecurityTestcase,0.0
706,org.apache.zookeeper.graph.servlets.FileLoader,0.0
707,org.apache.zookeeper.test.SessionTest,0.0
708,org.apache.zookeeper.server.watch.WatchBench.AddSparseWatchState,0.0
709,org.apache.zookeeper.test.TruncateTest,0.0
710,org.apache.zookeeper.test.NullDataTest,0.0
711,org.apache.zookeeper.test.QuorumHammerTest,0.0
712,org.apache.zookeeper.server.quorum.RaceConditionTest.1,0.0
713,org.apache.zookeeper.test.LeaderSessionTrackerTest,0.0
714,org.apache.zookeeper.cli.CliParseException,0.0
715,org.apache.zookeeper.server.quorum.Leader.Proposal,0.0
716,org.apache.zookeeper.server.quorum.FastLeaderElection.Notification,0.0
717,org.apache.zookeeper.server.quorum.LearnerSender,0.0
718,org.apache.zookeeper.server.quorum.SessionUpgradeQuorumTest.TestQPMainDropSessionUpgrading.3,0.0
719,org.apache.zookeeper.server.SnapshotDigestTest,0.0
720,org.apache.zookeeper.KeeperException.RuntimeInconsistencyException,0.0
721,org.apache.zookeeper.server.ZKDatabase,0.0
722,org.apache.zookeeper.server.ServerCnxnFactory,0.0
723,org.apache.zookeeper.common.AtomicFileWritingIdiom.WriterStatement,0.0
724,org.apache.zookeeper.test.FollowerResyncConcurrencyTest,0.0
725,org.apache.zookeeper.server.quorum.EphemeralNodeDeletionTest.1,0.0
726,org.apache.jute.OutputArchive,0.0
727,org.apache.zookeeper.Version,0.0
728,org.apache.zookeeper.server.DataTree.ZxidDigest,0.0
729,org.apache.zookeeper.test.FLETest.VerifyState,0.0
730,org.apache.zookeeper.graph.servlets.JsonServlet.JsonRequest,0.0
731,org.apache.zookeeper.server.util.CircularBufferTest,0.0
732,org.apache.zookeeper.RemoveWatchesTest.MyZooKeeper,0.0
733,org.apache.zookeeper.ZooDefs.Perms,0.0
734,org.apache.zookeeper.server.ReferenceCountedACLCache.AtomicLongWithEquals,0.0
735,org.apache.zookeeper.server.ZooKeeperServerStartupTest,0.0
736,org.apache.zookeeper.ClientCnxn.SendThread,0.0
737,org.apache.zookeeper.server.quorum.QuorumCnxManager.InitialMessage,0.0
738,org.apache.zookeeper.server.util.SerializeUtilsTest,0.0
739,org.apache.zookeeper.server.admin.JettyAdminServerTest.2,0.0
740,org.apache.zookeeper.server.metric.AvgMinMaxPercentileCounterSetTest,0.0
741,org.apache.zookeeper.server.admin.JettyAdminServerTest.1,0.0
742,org.apache.zookeeper.test.FLERestartTest.TestVote,0.0
743,org.apache.zookeeper.test.FollowerResyncConcurrencyTest.1,0.0
744,org.apache.zookeeper.test.FollowerResyncConcurrencyTest.5,0.0
745,org.apache.zookeeper.test.FollowerResyncConcurrencyTest.4,0.0
746,org.apache.zookeeper.test.FollowerResyncConcurrencyTest.3,0.0
747,org.apache.zookeeper.test.FollowerResyncConcurrencyTest.8,0.0
748,org.apache.zookeeper.test.FollowerResyncConcurrencyTest.7,0.0
749,org.apache.zookeeper.admin.ZooKeeperAdmin,0.0
750,org.apache.zookeeper.server.persistence.FileTxnSnapLog.DatadirException,0.0
751,org.apache.zookeeper.server.quorum.SyncedLearnerTracker,0.0
752,org.apache.zookeeper.server.jersey.cfg.HostPort,0.0
753,org.apache.zookeeper.ZooKeeper.ExistsWatchRegistration,0.0
754,org.apache.zookeeper.server.quorum.FLELostMessageTest,0.0
755,org.apache.zookeeper.test.ObserverMasterTest.2,0.0
756,org.apache.zookeeper.cli.StatPrinter,0.0
757,org.apache.zookeeper.test.ObserverMasterTest.1,0.0
758,org.apache.zookeeper.cli.GetAclCommand,0.0
759,org.apache.zookeeper.graph.servlets.Fs.1,0.0
760,org.apache.zookeeper.server.ZooKeeperServerMain,0.0
761,org.apache.zookeeper.server.watch.WatcherModeManager.Key,0.0
762,org.apache.zookeeper.server.ZooKeeperServerListener,0.0
763,org.apache.zookeeper.server.quorum.ObserverMaster,0.0
764,org.apache.zookeeper.server.RequestProcessor.RequestProcessorException,0.0
765,org.apache.zookeeper.test.ReconfigExceptionTest,0.0
766,org.apache.zookeeper.server.watch.WatchManagerTest,0.0
767,org.apache.zookeeper.AsyncCallback.VoidCallback,0.0
768,org.apache.zookeeper.server.CreateContainerTest.7,0.0
769,org.apache.zookeeper.server.CreateContainerTest.8,0.0
770,org.apache.zookeeper.server.CreateContainerTest.5,0.0
771,org.apache.zookeeper.server.quorum.QuorumPeerMainTest.CustomizedQPMain,0.0
772,org.apache.zookeeper.server.persistence.Util,0.0
773,org.apache.zookeeper.server.CreateContainerTest.6,0.0
774,org.apache.zookeeper.MultiOperationRecordTest,0.0
775,org.apache.zookeeper.server.CreateContainerTest.3,0.0
776,org.apache.zookeeper.server.CreateContainerTest.4,0.0
777,org.apache.zookeeper.server.CreateContainerTest.1,0.0
778,org.apache.zookeeper.server.CreateContainerTest.2,0.0
779,org.apache.zookeeper.test.ObserverMasterTest.AsyncWriter,0.0
780,org.apache.zookeeper.test.ACLRootTest,0.0
781,org.apache.zookeeper.metrics.Counter,0.0
782,org.apache.zookeeper.test.ZkDatabaseCorruptionTest.1,0.0
783,org.apache.zookeeper.test.MultiAsyncTransactionTest.MultiResult,0.0
784,org.apache.zookeeper.test.SaslDigestAuthOverSSLTest,0.0
785,org.apache.zookeeper.server.command.DigestCommand,0.0
786,org.apache.zookeeper.util.PemReader,0.0
787,org.apache.zookeeper.server.ZooKeeperServerStartupTest.1,0.0
788,org.apache.jute.compiler.JFloat,0.0
789,org.apache.zookeeper.cli.LsCommand.1,0.0
790,org.apache.zookeeper.test.StatTest,0.0
791,org.apache.zookeeper.server.watch.WatchesSummary,0.0
792,org.apache.zookeeper.server.quorum.StateSummary,0.0
793,org.apache.zookeeper.ZooKeeperMain,0.0
794,org.apache.zookeeper.inspector.gui.ZooInspectorTreeViewer,0.0
795,org.apache.zookeeper.server.quorum.LearnerHandler,0.0
796,org.apache.zookeeper.inspector.gui.ZooInspectorConnectionPropertiesDialog,0.0
797,org.apache.zookeeper.common.X509Exception,0.0
798,org.apache.zookeeper.cli.VersionCommand,0.0
799,org.apache.zookeeper.server.quorum.flexible.QuorumHierarchical,0.0
800,org.apache.zookeeper.server.util.BitHashSet.1,0.0
801,org.apache.zookeeper.server.quorum.Election,0.0
802,org.apache.zookeeper.test.system.BaseSysTest,0.0
803,org.apache.zookeeper.server.quorum.QuorumBeanTest,0.0
804,org.apache.zookeeper.inspector.gui.ZooInspectorNodeViewersPanel,0.0
805,org.apache.zookeeper.compatibility.TestApacheCuratorCompatibility,0.0
806,org.apache.zookeeper.SaslServerPrincipal,0.0
807,org.apache.zookeeper.server.quorum.auth.MiniKdcTest.KerberosConfiguration,0.0
808,org.apache.zookeeper.test.ClientBase.CountdownWatcher,0.0
809,org.apache.zookeeper.test.WatcherTest,0.0
810,org.apache.zookeeper.inspector.gui.nodeviewer.NodeViewerACL.1,0.0
811,org.apache.zookeeper.server.quorum.LearnerHandlerMXBean,0.0
812,org.apache.zookeeper.server.jersey.RestTestSuite,0.0
813,org.apache.zookeeper.KeeperException.CodeDeprecated,0.0
814,org.apache.zookeeper.server.quorum.auth.MiniKdc.1,0.0
815,org.apache.zookeeper.common.ZKTrustManager,0.0
816,org.apache.zookeeper.graph.FilterParser,0.0
817,org.apache.zookeeper.inspector.manager.ZooInspectorManagerImpl.NodeWatcher,0.0
818,org.apache.zookeeper.server.NettyServerCnxnFactory.1,0.0
819,org.apache.zookeeper.common.X509KeyType,0.0
820,org.apache.zookeeper.cli.RemoveWatchesCommand,0.0
821,org.apache.zookeeper.common.PEMFileLoaderTest,0.0
822,org.apache.zookeeper.server.persistence.FileTxnLog,0.0
823,org.apache.jute.BinaryOutputArchive,0.0
824,org.apache.zookeeper.server.quorum.FastLeaderElection.Messenger,0.0
825,org.apache.zookeeper.server.quorum.Learner.LeaderConnector,0.0
826,org.apache.zookeeper.test.ObserverLETest,0.0
827,org.apache.zookeeper.server.ZooKeeperServerMainTest.TestZKSMain,0.0
828,org.apache.zookeeper.test.BufferSizeTest.ClientOp,0.0
829,org.apache.zookeeper.Op.CreateTTL,0.0
830,org.apache.zookeeper.server.quorum.LeaderBeanTest,0.0
831,org.apache.zookeeper.test.SaslAuthFailTest,0.0
832,org.apache.zookeeper.test.ClientBase.HostPort,0.0
833,org.apache.zookeeper.server.util.JvmPauseMonitor.GcTimes,0.0
834,org.apache.zookeeper.server.ZooKeeperThread,0.0
835,org.apache.zookeeper.inspector.gui.Toolbar.Button,0.0
836,org.apache.zookeeper.server.SessionTrackerImpl.SessionImpl,0.0
837,org.apache.zookeeper.server.quorum.ReconfigDuringLeaderSyncTest.MockTestQPMain,0.0
838,org.apache.zookeeper.common.ZKHostnameVerifier.HostNameType,0.0
839,org.apache.zookeeper.KeeperException.AuthFailedException,0.0
840,org.apache.zookeeper.server.quorum.QuorumDigestTest.1,0.0
841,org.apache.zookeeper.version.util.VerGen.Version,0.0
842,org.apache.zookeeper.server.quorum.QuorumPeerTest,0.0
843,org.apache.zookeeper.Shell,0.0
844,org.apache.zookeeper.server.quorum.auth.QuorumDigestAuthTest.3,0.0
845,org.apache.zookeeper.server.quorum.LearnerZooKeeperServer,0.0
846,org.apache.zookeeper.server.quorum.auth.QuorumDigestAuthTest.2,0.0
847,org.apache.zookeeper.recipes.leader.LeaderElectionSupport.EventType,0.0
848,org.apache.zookeeper.server.quorum.auth.QuorumDigestAuthTest.1,0.0
849,org.apache.zookeeper.test.WatchEventWhenAutoResetTest.EventsWatcher,0.0
850,org.apache.zookeeper.server.MockServerCnxn,0.0
851,org.apache.zookeeper.PortAssignmentTest,0.0
852,org.apache.zookeeper.server.quorum.FollowerRequestProcessor,0.0
853,org.apache.zookeeper.server.quorum.QuorumPeerMainTest.CustomQuorumPeer.10,0.0
854,org.apache.zookeeper.server.jersey.SetTest,0.0
855,org.apache.zookeeper.server.command.DirsCommand,0.0
856,org.apache.zookeeper.server.quorum.auth.QuorumAuthUpgradeTest,0.0
857,org.apache.zookeeper.server.ServerStatsTest,0.0
858,org.apache.zookeeper.server.persistence.FileTxnSnapLog.SnapDirContentCheckException,0.0
859,org.apache.zookeeper.graph.FilterException,0.0
860,org.apache.zookeeper.server.NIOServerCnxnFactory.IOWorkRequest,0.0
861,org.apache.zookeeper.server.ServerIdTest.TestType,0.0
862,org.apache.zookeeper.server.persistence.FileTxnLogTest,0.0
863,org.apache.zookeeper.server.quorum.LearnerHandlerTest.1,0.0
864,org.apache.zookeeper.server.quorum.LearnerHandlerTest.2,0.0
865,org.apache.zookeeper.server.watch.WatcherOrBitSet,0.0
866,org.apache.zookeeper.server.quorum.ReconfigRecoveryTest,0.0
867,org.apache.zookeeper.server.quorum.RemotePeerMXBean,0.0
868,org.apache.zookeeper.server.metric.AvgMinMaxPercentileCounterTest,0.0
869,org.apache.zookeeper.AsyncCallback.StringCallback,0.0
870,org.apache.zookeeper.graph.LogServer,0.0
871,org.apache.zookeeper.test.system.NoAssignmentException,0.0
872,org.apache.zookeeper.server.SerializationPerfTest,0.0
873,org.apache.zookeeper.ZooDefs.Ids,0.0
874,org.apache.zookeeper.ClientCnxnSocketFragilityTest.CustomClientCnxn,0.0
875,org.apache.zookeeper.server.auth.DigestAuthenticationProvider,0.0
876,org.apache.zookeeper.server.quorum.RemotePeerBean,0.0
877,org.apache.zookeeper.audit.AuditHelper,0.0
878,org.apache.zookeeper.ZooKeeperTest,0.0
879,org.apache.zookeeper.server.watch.IWatchManager,0.0
880,org.apache.zookeeper.Watcher.Event,0.0
881,org.apache.zookeeper.server.metric.SimpleCounter,0.0
882,org.apache.zookeeper.ZKTestCase.WaitForCondition,0.0
883,org.apache.zookeeper.server.metric.AvgMinMaxPercentileCounter,0.0
884,org.apache.zookeeper.server.jersey.resources.SessionsResource,0.0
885,org.apache.zookeeper.OpResult.DeleteResult,0.0
886,org.apache.zookeeper.server.command.StatResetCommand,0.0
887,org.apache.zookeeper.server.quorum.WatchLeakTest.MyFollower,0.0
888,org.apache.zookeeper.test.FollowerResyncConcurrencyTest.1.2,0.0
889,org.apache.zookeeper.test.FLENewEpochTest.LEThread,0.0
890,org.apache.zookeeper.server.BlueThrottleTest,0.0
891,org.apache.zookeeper.common.JKSFileLoader,0.0
892,org.apache.zookeeper.server.jersey.cfg.Endpoint,0.0
893,org.apache.zookeeper.server.quorum.ZabUtils.MockLeader,0.0
894,org.apache.zookeeper.ClientWatchManager,0.0
895,org.apache.zookeeper.server.quorum.QuorumDigestTest,0.0
896,org.apache.zookeeper.server.quorum.Vote,0.0
897,org.apache.zookeeper.common.BCFKSFileLoader,0.0
898,org.apache.zookeeper.JUnit4ZKTestRunner.LoggedInvokeMethod,0.0
899,org.apache.zookeeper.server.DataTreeBean,0.0
900,org.apache.zookeeper.server.quorum.SessionUpgradeQuorumTest.TestQPMainDropSessionUpgrading.3.6,0.0
901,com.nitido.utils.toaster.Toaster.Animation,0.0
902,org.apache.zookeeper.SaslAuthTest.MyWatcher,0.0
903,org.apache.zookeeper.graph.filterops.SymbolArg,0.0
904,org.apache.zookeeper.server.quorum.SessionUpgradeQuorumTest.TestQPMainDropSessionUpgrading.3.4,0.0
905,org.apache.zookeeper.server.quorum.SessionUpgradeQuorumTest.TestQPMainDropSessionUpgrading.3.5,0.0
906,org.apache.zookeeper.server.quorum.auth.QuorumKerberosAuthTest,0.0
907,org.apache.zookeeper.server.auth.ServerAuthenticationProvider.ServerObjs,0.0
908,org.apache.zookeeper.server.quorum.FollowerZooKeeperServer,0.0
909,org.apache.zookeeper.test.SaslAuthRequiredFailWrongSASLTest,0.0
910,org.apache.zookeeper.server.quorum.StatCommandTest,0.0
911,org.apache.zookeeper.server.auth.ServerAuthenticationProvider.MatchValues,0.0
912,org.apache.zookeeper.server.quorum.Leader.LearnerCnxAcceptor,0.0
913,org.apache.zookeeper.server.quorum.FollowerBean,0.0
914,org.apache.zookeeper.inspector.gui.ZooInspectorTreeViewer.ZooInspectorTreeCellRenderer,0.0
915,org.apache.zookeeper.server.jersey.GetChildrenTest,0.0
916,org.apache.zookeeper.server.EphemeralType.1,0.0
917,org.apache.zookeeper.server.quorum.MultipleAddressesTest,0.0
918,org.apache.zookeeper.server.auth.KerberosName.Rule,0.0
919,org.apache.zookeeper.test.LocalSessionsOnlyTest,0.0
920,org.apache.zookeeper.server.quorum.QuorumPeerMainTest.CustomQuorumPeer.9,0.0
921,org.apache.zookeeper.server.quorum.auth.QuorumAuthLearner,0.0
922,org.apache.zookeeper.server.quorum.CloseSessionTxnTest,0.0
923,org.apache.zookeeper.common.CertificatesToPlayWith,0.0
924,org.apache.zookeeper.server.quorum.CnxManagerTest.1.2,0.0
925,org.apache.zookeeper.server.quorum.QuorumPeerMainTest.BeginSnapshotListener,0.0
926,org.apache.zookeeper.metrics.SummarySet,0.0
927,org.apache.zookeeper.test.LogChopperTest,0.0
928,org.apache.zookeeper.ClientCnxn.SessionExpiredException,0.0
929,org.apache.zookeeper.server.quorum.CommitProcessorMetricsTest.TestWorkerService,0.0
930,org.apache.zookeeper.ServerAdminClient,0.0
931,org.apache.zookeeper.cli.ReconfigCommand,0.0
932,org.apache.zookeeper.server.jersey.filters.HTTPBasicAuth,0.0
933,org.apache.zookeeper.server.auth.WrappedAuthenticationProvider,0.0
934,org.apache.zookeeper.Op,0.0
935,org.apache.zookeeper.cli.GetAllChildrenNumberCommand,0.0
936,org.apache.zookeeper.server.auth.SaslServerCallbackHandler,0.0
937,org.apache.zookeeper.server.util.KerberosUtil,0.0
938,org.apache.zookeeper.server.InvalidSnapshotTest,0.0
939,org.apache.zookeeper.server.quorum.RaceConditionTest.CustomQuorumPeer,0.0
940,org.apache.zookeeper.server.NettyServerCnxnFactory.ReadIssuedTrackingHandler,0.0
941,org.apache.zookeeper.server.ServerCnxnHelper,0.0
942,org.apache.zookeeper.recipes.lock.ZooKeeperOperation,0.0
943,org.apache.zookeeper.cli.LsCommand,0.0
944,org.apache.zookeeper.test.OOMTest,0.0
945,org.apache.zookeeper.server.quorum.QuorumPeerMain,0.0
946,org.apache.zookeeper.server.persistence.FileTxnSnapLogMetricsTest,0.0
947,org.apache.zookeeper.common.NettyUtils,0.0
948,org.apache.zookeeper.KeeperException.Code,0.0
949,org.apache.zookeeper.recipes.leader.LeaderOffer.IdComparator,0.0
950,org.apache.zookeeper.AsyncCallback.ChildrenCallback,0.0
951,org.apache.zookeeper.test.SessionTrackerCheckTest.Expirer,0.0
952,org.apache.zookeeper.test.PersistentRecursiveWatcherTest,0.0
953,org.apache.zookeeper.server.ZooKeeperServerConfTest,0.0
954,org.apache.zookeeper.ZKUtil.BatchedDeleteCbContext,0.0
955,org.apache.zookeeper.server.quorum.flexible.QuorumMaj,0.0
956,org.apache.zookeeper.server.jersey.SessionTest,0.0
957,org.apache.zookeeper.metrics.MetricsUtils,0.0
958,org.apache.zookeeper.server.NettyServerCnxn,0.0
959,org.apache.zookeeper.server.quorum.UnifiedServerSocket,0.0
960,org.apache.zookeeper.ClientCnxnSocketNetty.ZKClientHandler,0.0
961,org.apache.zookeeper.KeeperException.NoWatcherException,0.0
962,org.apache.zookeeper.server.ServerStats.Provider,0.0
963,org.apache.zookeeper.test.TestByteBufAllocator,0.0
964,org.apache.zookeeper.server.NIOServerCnxnFactory,0.0
965,org.apache.zookeeper.server.quorum.ZabUtils.NullServerCnxnFactory,0.0
966,org.apache.zookeeper.server.quorum.QuorumPeerMainTest.CustomQuorumPeer.10.11,0.0
967,org.apache.zookeeper.test.FourLetterWordsTest,0.0
968,org.apache.zookeeper.server.quorum.Zab1_0Test.ConversableFollower,0.0
969,org.apache.zookeeper.Login,0.0
970,org.apache.zookeeper.server.quorum.QuorumZooKeeperServer,0.0
971,org.apache.zookeeper.GetAllChildrenNumberTest.1,0.0
972,org.apache.zookeeper.Op.OpKind,0.0
973,org.apache.zookeeper.server.quorum.QuorumDigestTest.DataTreeMock,0.0
974,org.apache.zookeeper.server.quorum.UnifiedServerSocketTest.2,0.0
975,org.apache.zookeeper.TestableZooKeeper.1,0.0
976,org.apache.zookeeper.graph.filterops.AndOp,0.0
977,org.apache.zookeeper.test.QuorumRestartTest,0.0
978,org.apache.zookeeper.metrics.prometheus.PrometheusMetricsProvider.PrometheusLabelledSummary,0.0
979,org.apache.zookeeper.server.MockSelectorThread,0.0
980,org.apache.zookeeper.inspector.gui.nodeviewer.NodeViewerData,0.0
981,org.apache.zookeeper.Op.Create,0.0
982,org.apache.zookeeper.test.SessionInvalidationTest,0.0
983,org.apache.zookeeper.server.jersey.RestMain,0.0
984,org.apache.zookeeper.test.MultiOperationTest,0.0
985,org.apache.zookeeper.inspector.manager.ZooInspectorManager,0.0
986,org.apache.zookeeper.server.util.BitMapTest,0.0
987,org.apache.zookeeper.server.ZooKeeperThreadTest.MyCriticalThread,0.0
988,org.apache.zookeeper.server.quorum.LearnerHandlerMetricsTest.MockLearnerHandler,0.0
989,org.apache.zookeeper.server.quorum.FuzzySnapshotRelatedTest.DigestSerializeListener,0.0
990,org.apache.zookeeper.metrics.BaseTestMetricsProvider,0.0
991,org.apache.zookeeper.server.quorum.WatchLeakTest.FakeSK,0.0
992,org.apache.zookeeper.version.util.VerGen,0.0
993,org.apache.zookeeper.server.quorum.QuorumPeer.AddressTuple,0.0
994,org.apache.jute.compiler.JBoolean,0.0
995,org.apache.zookeeper.server.admin.JettyAdminServerTest,0.0
996,org.apache.zookeeper.jmx.ZKMBeanInfo,0.0
997,org.apache.zookeeper.metrics.impl.DefaultMetricsProvider,0.0
998,org.apache.zookeeper.server.admin.CommandsTest,0.0
999,org.apache.zookeeper.graph.LogSkipList.Mark,0.0
1000,org.apache.zookeeper.server.auth.KerberosName,0.0
1001,org.apache.zookeeper.server.quorum.auth.SaslQuorumAuthLearner,0.0
1002,org.apache.zookeeper.server.util.VerifyingFileFactory,0.0
1003,org.apache.zookeeper.test.ACLTest,0.0
1004,org.apache.zookeeper.server.DataTreeTest,0.0
1005,org.apache.zookeeper.Watcher,0.0
1006,org.apache.zookeeper.Environment.Entry,0.0
1007,org.apache.zookeeper.MultiResponse,0.0
1008,org.apache.zookeeper.graph.FilterOp.ArgType,0.0
1009,org.apache.zookeeper.test.SessionTest.MyWatcher,0.0
1010,org.apache.zookeeper.server.quorum.Zab1_0Test.ConversableObserver,0.0
1011,org.apache.zookeeper.server.TxnLogEntry,0.0
1012,org.apache.zookeeper.server.quorum.CommitProcessorTest.MockProposalRequestProcessor,0.0
1013,org.apache.zookeeper.server.watch.WatchManagerTest.RemoveWatcherWorker,0.0
1014,org.apache.zookeeper.server.quorum.FuzzySnapshotRelatedTest,0.0
1015,org.apache.zookeeper.Watcher.Event.EventType,0.0
1016,org.apache.zookeeper.KeeperException.NoChildrenForEphemeralsException,0.0
1017,org.apache.zookeeper.common.PathUtilsTest,0.0
1018,org.apache.zookeeper.server.quorum.FuzzySnapshotRelatedTest.CustomizedQPMain.8.9,0.0
1019,org.apache.zookeeper.KeeperException.NewConfigNoQuorum,0.0
1020,org.apache.zookeeper.server.ZooKeeperServerShutdownHandler,0.0
1021,org.apache.zookeeper.client.StaticHostProvider.2,0.0
1022,org.apache.zookeeper.cli.DeleteCommand,0.0
1023,org.apache.zookeeper.client.StaticHostProvider.1,0.0
1024,org.apache.zookeeper.server.quorum.LocalSessionTracker,0.0
1025,org.apache.zookeeper.server.DataTreeTest.6,0.0
1026,org.apache.zookeeper.test.AsyncOpsTest,0.0
1027,org.apache.zookeeper.test.ClientHammerTest.HammerThread,0.0
1028,org.apache.zookeeper.server.jersey.DeleteTest,0.0
1029,org.apache.zookeeper.ZooKeeperMain.MyWatcher,0.0
1030,org.apache.jute.TestOutputArchive,0.0
1031,org.apache.zookeeper.server.persistence.FileTxnSnapLogTest.1,0.0
1032,org.apache.zookeeper.OpResult.GetDataResult,0.0
1033,org.apache.zookeeper.server.ClientCnxnLimitException,0.0
1034,org.apache.zookeeper.server.jersey.resources.RuntimeExceptionMapper,0.0
1035,org.apache.zookeeper.server.admin.Commands.IsroCommand,0.0
1036,org.apache.zookeeper.server.quorum.WatchLeakTest.1,0.0
1037,org.apache.zookeeper.server.quorum.QuorumServerConfigBuilder,0.0
1038,org.apache.zookeeper.server.quorum.WatchLeakTest.2,0.0
1039,org.apache.zookeeper.server.quorum.Zab1_0Test.FollowerMockThread,0.0
1040,org.apache.zookeeper.audit.AuditLogger,0.0
1041,org.apache.zookeeper.test.SessionTest.DupWatcher,0.0
1042,org.apache.zookeeper.metrics.impl.NullMetricsProvider.NullCounter,0.0
1043,org.apache.zookeeper.server.quorum.ProposalRequestProcessor,0.0
1044,org.apache.zookeeper.test.SaslAuthDesignatedServerTest,0.0
1045,org.apache.zookeeper.common.X509Exception.TrustManagerException,0.0
1046,org.apache.zookeeper.test.KeyAuthClientTest,0.0
1047,org.apache.zookeeper.test.ChrootClientTest,0.0
1048,org.apache.zookeeper.KeeperException.SessionClosedRequireAuthException,0.0
1049,org.apache.zookeeper.server.quorum.EphemeralNodeDeletionTest.MockTestQPMain,0.0
1050,org.apache.zookeeper.inspector.manager.NodesCache,0.0
1051,org.apache.zookeeper.test.ZkDatabaseCorruptionTest.NoopStringCallback,0.0
1052,org.apache.zookeeper.server.quorum.SessionUpgradeQuorumTest,0.0
1053,org.apache.jute.RecordWriter,0.0
1054,org.apache.zookeeper.Op.Delete,0.0
1055,org.apache.zookeeper.server.admin.Commands.LeaderCommand,0.0
1056,org.apache.zookeeper.ZKTestCase.1,0.0
1057,org.apache.zookeeper.server.quorum.LearnerTest.TestLearner,0.0
1058,org.apache.zookeeper.server.ZooKeeperThread.1,0.0
1059,org.apache.zookeeper.test.DisconnectedWatcherTest.MyWatcher,0.0
1060,org.apache.zookeeper.common.PEMFileLoader.Builder,0.0
1061,org.apache.zookeeper.metrics.prometheus.PrometheusMetricsProvider.PrometheusGaugeWrapper,0.0
1062,org.apache.zookeeper.test.system.InstanceContainer.MyWatcher,0.0
1063,org.apache.zookeeper.server.quorum.BufferStats,0.0
1064,org.apache.zookeeper.RemoveWatchesCmdTest.1,0.0
1065,org.apache.zookeeper.server.quorum.QuorumPeer.ServerState,0.0
1066,org.apache.zookeeper.server.quorum.CnxManagerTest,0.0
1067,org.apache.zookeeper.common.FileKeyStoreLoaderBuilderProviderTest,0.0
1068,org.apache.zookeeper.server.auth.AuthenticationProvider,0.0
1069,org.apache.zookeeper.graph.Log4JEntry,0.0
1070,org.apache.jute.BinaryInputArchiveTest,0.0
1071,org.apache.zookeeper.server.watch.WatchesPathReportTest,0.0
1072,org.apache.jute.compiler.JDouble,0.0
1073,org.apache.zookeeper.server.SessionTracker.SessionExpirer,0.0
1074,org.apache.zookeeper.server.quorum.RaceConditionTest.CustomQuorumPeer.2,0.0
1075,org.apache.zookeeper.VerGenTest,0.0
1076,org.apache.zookeeper.test.AuthTest.MyWatcher,0.0
1077,org.apache.zookeeper.server.quorum.RaceConditionTest.CustomQuorumPeer.3,0.0
1078,org.apache.zookeeper.KeeperException.SessionMovedException,0.0
1079,org.apache.zookeeper.common.BaseX509ParameterizedTestCase,0.0
1080,org.apache.zookeeper.test.SaslTestUtil,0.0
1081,org.apache.zookeeper.server.quorum.LearnerHandler.MarkerQuorumPacket,0.0
1082,org.apache.zookeeper.server.CRCTest,0.0
1083,org.apache.zookeeper.RemoveWatchesTest.MyCallback,0.0
1084,org.apache.zookeeper.server.quorum.FLEOutOfElectionTest,0.0
1085,org.apache.zookeeper.test.AsyncOps.Children2CB,0.0
1086,org.apache.zookeeper.server.admin.Commands.DirsCommand,0.0
1087,org.apache.zookeeper.server.NettyServerCnxn.ReadEvent,0.0
1088,org.apache.zookeeper.server.watch.WatchesReportTest,0.0
1089,org.apache.zookeeper.server.EphemeralTypeEmulate353,0.0
1090,org.apache.zookeeper.server.quorum.LearnerSyncThrottlerTest.1,0.0
1091,org.apache.zookeeper.server.ZooKeeperServerMainTest,0.0
1092,org.apache.zookeeper.test.FLERestartTest.FLERestartThread,0.0
1093,org.apache.zookeeper.graph.filterops.EqualsOp,0.0
1094,org.apache.zookeeper.server.ServerMetrics,0.0
1095,org.apache.zookeeper.server.quorum.EphemeralNodeDeletionTest.CustomQuorumPeer.2,0.0
1096,org.apache.zookeeper.client.ZKClientConfig,0.0
1097,org.apache.zookeeper.test.MultiAsyncTransactionTest,0.0
1098,org.apache.zookeeper.graph.MeasureThroughput,0.0
1099,org.apache.zookeeper.server.WorkerService.DaemonThreadFactory,0.0
1100,org.apache.zookeeper.audit.Log4jAuditLoggerTest,0.0
1101,org.apache.zookeeper.util.TestCircularBlockingQueue,0.0
1102,org.apache.zookeeper.server.command.AbstractFourLetterCommand,0.0
1103,org.apache.zookeeper.server.command.WatchCommand,0.0
1104,org.apache.zookeeper.server.ToStringTest,0.0
1105,org.apache.zookeeper.recipes.leader.LeaderElectionSupportTest.1,0.0
1106,org.apache.zookeeper.server.InvalidSnapCountTest.TestMain,0.0
1107,org.apache.zookeeper.server.DataTreeMXBean,0.0
1108,org.apache.zookeeper.server.quorum.QuorumStats,0.0
1109,org.apache.zookeeper.server.watch.WatchManagerOptimized,0.0
1110,org.apache.zookeeper.common.Time,0.0
1111,org.apache.zookeeper.server.quorum.DIFFSyncConsistencyTest.CustomQuorumPeer.2,0.0
1112,org.apache.zookeeper.server.util.JvmPauseMonitorTest,0.0
1113,org.apache.zookeeper.server.persistence.FileTxnSnapLog.LogDirContentCheckException,0.0
1114,org.apache.zookeeper.ZooKeeperTestable,0.0
1115,org.apache.zookeeper.ClientRequestTimeoutTest,0.0
1116,org.apache.zookeeper.server.admin.UnifiedConnectionFactory,0.0
1117,org.apache.zookeeper.ClientCnxnSocketFragilityTest.ClientWatcher,0.0
1118,org.apache.zookeeper.server.command.IsroCommand,0.0
1119,org.apache.zookeeper.server.quorum.AckRequestProcessor,0.0
1120,org.apache.zookeeper.server.BlueThrottle,0.0
1121,org.apache.zookeeper.server.MultiOpSessionUpgradeTest,0.0
1122,org.apache.zookeeper.test.JMXEnv,0.0
1123,org.apache.zookeeper.server.jersey.RootTest,0.0
1124,org.apache.zookeeper.server.quorum.Zab1_0Test.1,0.0
1125,org.apache.zookeeper.graph.Log4JSource.3,0.0
1126,org.apache.zookeeper.server.quorum.SyncThrottleException,0.0
1127,org.apache.zookeeper.server.NodeHashMapImplTest,0.0
1128,org.apache.zookeeper.graph.Log4JSource.2,0.0
1129,org.apache.zookeeper.graph.Log4JSource.1,0.0
1130,org.apache.zookeeper.server.quorum.ObserverMaster.1,0.0
1131,org.apache.zookeeper.server.quorum.Zab1_0Test.5,0.0
1132,org.apache.zookeeper.server.quorum.CommitProcessorTest.TestZooKeeperServer,0.0
1133,org.apache.zookeeper.server.quorum.Zab1_0Test.4,0.0
1134,org.apache.zookeeper.server.quorum.Zab1_0Test.3,0.0
1135,org.apache.zookeeper.server.quorum.Zab1_0Test.2,0.0
1136,org.apache.zookeeper.server.quorum.Zab1_0Test.9,0.0
1137,org.apache.zookeeper.server.quorum.Zab1_0Test.8,0.0
1138,org.apache.zookeeper.server.quorum.Zab1_0Test.7,0.0
1139,org.apache.zookeeper.server.quorum.Zab1_0Test.6,0.0
1140,org.apache.zookeeper.server.quorum.SessionUpgradeQuorumTest.TestQPMainDropSessionUpgrading,0.0
1141,org.apache.zookeeper.server.quorum.auth.QuorumAuth.Status,0.0
1142,org.apache.zookeeper.server.quorum.LearnerSyncThrottlerTest,0.0
1143,org.apache.zookeeper.server.quorum.UnifiedServerSocketTest,0.0
1144,org.apache.zookeeper.server.NIOServerCnxn,0.0
1145,org.apache.zookeeper.cli.CommandNotFoundException,0.0
1146,org.apache.zookeeper.server.InvalidSnapCountTest.MainThread,0.0
1147,org.apache.zookeeper.test.SaslAuthFailDesignatedClientTest,0.0
1148,org.apache.zookeeper.test.AsyncOps.StatCB,0.0
1149,org.apache.zookeeper.inspector.gui.actions.DeleteNodeAction,0.0
1150,org.apache.zookeeper.common.SSLContextAndOptions,0.0
1151,org.apache.zookeeper.test.MaxCnxnsTest.CnxnThread,0.0
1152,org.apache.zookeeper.server.ZooKeeperServerMainTest.MainThread,0.0
1153,org.apache.zookeeper.test.SessionTest.1,0.0
1154,org.apache.zookeeper.test.SessionTest.2,0.0
1155,org.apache.zookeeper.graph.filterops.Arg,0.0
1156,org.apache.zookeeper.server.quorum.LearnerSyncThrottler,0.0
1157,org.apache.zookeeper.server.TxnLogDigestTest.MockedFileTxnLog,0.0
1158,org.apache.zookeeper.test.system.NoAvailableContainers,0.0
1159,org.apache.zookeeper.server.quorum.auth.SaslQuorumAuthServer,0.0
1160,org.apache.zookeeper.server.util.ConfigUtilsTest,0.0
1161,org.apache.zookeeper.test.AsyncOps.VoidCB,0.0
1162,org.apache.zookeeper.test.system.GenerateLoad,0.0
1163,org.apache.zookeeper.test.ChrootTest,0.0
1164,org.apache.zookeeper.metrics.prometheus.PrometheusMetricsProvider,0.0
1165,org.apache.zookeeper.server.quorum.FollowerMXBean,0.0
1166,org.apache.zookeeper.server.quorum.FuzzySnapshotRelatedTest.CustomDataTree,0.0
1167,org.apache.zookeeper.server.admin.Commands.WatchSummaryCommand,0.0
1168,org.apache.zookeeper.inspector.gui.ZooInspectorNodeViewersDialog,0.0
1169,org.apache.zookeeper.server.quorum.Zab1_0Test.PopulatedLeaderConversation,0.0
1170,org.apache.zookeeper.server.jersey.resources.JAXBContextResolver,0.0
1171,org.apache.zookeeper.server.DataTreeTest.6.7,0.0
1172,org.apache.zookeeper.test.QuorumTest.DiscoWatcher,0.0
1173,org.apache.zookeeper.test.AtomicFileOutputStreamTest,0.0
1174,org.apache.zookeeper.test.DisconnectedWatcherTest,0.0
1175,org.apache.zookeeper.server.watch.WatchBench.TriggerSparseWatchState,0.0
1176,org.apache.zookeeper.server.admin.Commands.ConfCommand,0.0
1177,org.apache.zookeeper.server.command.MonitorCommand,0.0
1178,org.apache.jute.TestInputArchive,0.0
1179,org.apache.zookeeper.inspector.gui.nodeviewer.NodeViewerData.1,0.0
1180,org.apache.zookeeper.inspector.gui.nodeviewer.NodeViewerData.2,0.0
1181,org.apache.jute.compiler.JLong,0.0
1182,org.apache.zookeeper.server.quorum.Leader.XidRolloverException,0.0
1183,org.apache.zookeeper.server.quorum.FuzzySnapshotRelatedTest.NodeCreateListener,0.0
1184,org.apache.zookeeper.MultiResponseTest,0.0
1185,org.apache.zookeeper.test.FourLetterWordsQuorumTest,0.0
1186,org.apache.zookeeper.server.persistence.SnapStream,0.0
1187,org.apache.zookeeper.server.PrepRequestProcessor.DigestOpCode,0.0
1188,org.apache.zookeeper.server.watch.WatchManagerTest.WatcherTriggerWorker,0.0
1189,org.apache.zookeeper.ClientCnxn.SessionTimeoutException,0.0
1190,org.apache.zookeeper.server.admin.AdminServer,0.0
1191,org.apache.zookeeper.server.quorum.UnifiedServerSocketModeDetectionTest,0.0
1192,org.apache.zookeeper.inspector.manager.ZooInspectorManagerImpl.1,0.0
1193,org.apache.zookeeper.server.util.BitHashSetTest,0.0
1194,org.apache.zookeeper.GetEphemeralsTest,0.0
1195,org.apache.zookeeper.test.system.InstanceManager,0.0
1196,org.apache.zookeeper.cli.GetEphemeralsCommand,0.0
1197,org.apache.zookeeper.server.quorum.QuorumSSLTest,0.0
1198,org.apache.zookeeper.server.quorum.auth.SaslQuorumServerCallbackHandler,0.0
1199,org.apache.zookeeper.server.quorum.auth.NullQuorumAuthLearner,0.0
1200,org.apache.zookeeper.RemoveWatchesTest.MyZooKeeper.MyWatchManager,0.0
1201,org.apache.zookeeper.server.jersey.jaxb.ZStat,0.0
1202,org.apache.jute.compiler.JavaGenerator,0.0
1203,org.apache.zookeeper.server.ConnectionMetricsTest.MockNIOServerCnxn,0.0
1204,org.apache.zookeeper.server.metric.AvgMinMaxCounterSet,0.0
1205,org.apache.zookeeper.server.quorum.LearnerSyncRequest,0.0
1206,org.apache.zookeeper.server.ZooKeeperServerListenerImpl,0.0
1207,org.apache.zookeeper.server.RateLogger,0.0
1208,org.apache.zookeeper.server.quorum.CommitProcessorConcurrencyTest,0.0
1209,org.apache.zookeeper.server.quorum.EphemeralNodeDeletionTest.CustomQuorumPeer,0.0
1210,org.apache.zookeeper.server.quorum.LearnerTest,0.0
1211,org.apache.zookeeper.server.quorum.QuorumPeerConfigTest,0.0
1212,org.apache.zookeeper.server.admin.JsonOutputter,0.0
1213,org.apache.zookeeper.test.WatcherFuncTest,0.0
1214,org.apache.zookeeper.server.DataTree.Counts,0.0
1215,org.apache.zookeeper.server.quorum.FastLeaderElection.Messenger.WorkerReceiver,0.0
1216,org.apache.zookeeper.server.quorum.QuorumPeerTestBase.TestQPMain,0.0
1217,org.apache.zookeeper.server.command.TraceMaskCommand,0.0
1218,org.apache.zookeeper.server.command.EnvCommand,0.0
1219,org.apache.zookeeper.server.NettyServerCnxnFactoryTest.ClientConnectionGenerator,0.0
1220,org.apache.zookeeper.test.WatcherTest.MyWatcher,0.0
1221,org.apache.zookeeper.Watcher.WatcherType,0.0
1222,org.apache.zookeeper.test.LogChopperTest.1,0.0
1223,org.apache.zookeeper.Shell.ExitCodeException,0.0
1224,org.apache.zookeeper.server.quorum.QuorumSSLTest.OCSPHandler,0.0
1225,org.apache.zookeeper.recipes.lock.WriteLock.LockZooKeeperOperation,0.0
1226,org.apache.zookeeper.AsyncCallback.DataCallback,0.0
1227,org.apache.zookeeper.graph.servlets.GraphData,0.0
1228,org.apache.zookeeper.KeeperException.BadVersionException,0.0
1229,org.apache.zookeeper.server.quorum.Learner,0.0
1230,org.apache.zookeeper.server.quorum.EpochWriteFailureTest.MockTestQPMain,0.0
1231,org.apache.zookeeper.KeeperException.OperationTimeoutException,0.0
1232,org.apache.zookeeper.server.quorum.UnifiedServerSocket.UnifiedSocket.Mode,0.0
1233,org.apache.jute.compiler.CGenerator,0.0
1234,org.apache.jute.compiler.JInt,0.0
1235,org.apache.zookeeper.server.watch.WatcherMode,0.0
1236,org.apache.zookeeper.ZooDefs.AddWatchModes,0.0
1237,org.apache.zookeeper.server.quorum.FuzzySnapshotRelatedTest.3.4,0.0
1238,org.apache.zookeeper.test.TestUtils,0.0
1239,org.apache.zookeeper.server.ContainerManager.1,0.0
1240,org.apache.zookeeper.common.ClientX509Util,0.0
1241,org.apache.zookeeper.test.GetChildren2Test,0.0
1242,org.apache.zookeeper.recipes.leader.LeaderElectionSupport,0.0
1243,org.apache.zookeeper.recipes.queue.DistributedQueue.LatchChildWatcher,0.0
1244,org.apache.zookeeper.test.OSMXBeanTest,0.0
1245,org.apache.zookeeper.cli.CloseCommand,0.0
1246,org.apache.zookeeper.server.quorum.LearnerHandlerTest.MockLearnerHandler,0.0
1247,org.apache.zookeeper.server.quorum.CurrentEpochWriteFailureTest,0.0
1248,org.apache.zookeeper.test.ReconfigTest,0.0
1249,org.apache.zookeeper.server.NettyServerCnxnTest,0.0
1250,org.apache.zookeeper.server.persistence.FileSnap,0.0
1251,org.apache.zookeeper.server.quorum.CommitProcessorTest,0.0
1252,org.apache.zookeeper.server.quorum.LearnerHandlerMetricsTest,0.0
1253,org.apache.zookeeper.test.SaslAuthMissingClientConfigTest,0.0
1254,org.apache.zookeeper.server.command.CommandExecutor,0.0
1255,org.apache.zookeeper.server.quorum.CommitProcessorTest.TestClientThread,0.0
1256,org.apache.zookeeper.server.ZooKeeperServerConf,0.0
1257,org.apache.zookeeper.server.quorum.EpochWriteFailureTest.1,0.0
1258,org.apache.zookeeper.server.NIOServerCnxnFactoryTest,0.0
1259,org.apache.zookeeper.inspector.logger.LoggerFactory,0.0
1260,org.apache.zookeeper.graph.filterops.NotOp,0.0
1261,org.apache.zookeeper.graph.MergedLogSource.MergedLogSourceIterator,0.0
1262,org.apache.zookeeper.server.quorum.auth.MiniKdcTest,0.0
1263,org.apache.zookeeper.server.admin.Commands.StatCommand,0.0
1264,org.apache.zookeeper.server.persistence.FileTxnSnapLog.PlayBackListener,0.0
1265,org.apache.zookeeper.test.CreateTest,0.0
1266,org.apache.zookeeper.test.SaslAuthRequiredTest,0.0
1267,org.apache.zookeeper.ClientCnxnSocketNetty.ZKClientPipelineFactory,0.0
1268,org.apache.zookeeper.test.GetProposalFromTxnTest,0.0
1269,org.apache.zookeeper.test.FourLetterWordsWhiteListTest,0.0
1270,org.apache.zookeeper.server.quorum.FastLeaderElection.Messenger.WorkerSender,0.0
1271,org.apache.zookeeper.server.quorum.ObserverMaster.Revalidation,0.0
1272,org.apache.zookeeper.ZKTestCase,0.0
1273,org.apache.zookeeper.test.system.GenerateLoad.GeneratorInstance.SenderThread,0.0
1274,org.apache.zookeeper.server.quorum.FastLeaderElection.ToSend,0.0
1275,org.apache.jute.BinaryInputArchive,0.0
1276,org.apache.zookeeper.DigestWatcher,0.0
1277,org.apache.zookeeper.KeeperException.UnknownSessionException,0.0
1278,org.apache.zookeeper.server.quorum.Leader,0.0
1279,org.apache.zookeeper.server.persistence.SnapshotInfo,0.0
1280,org.apache.zookeeper.server.NodeHashMap,0.0
1281,org.apache.zookeeper.server.SessionTracker,0.0
1282,org.apache.zookeeper.server.RequestProcessor,0.0
1283,org.apache.zookeeper.server.ZooKeeperThreadTest.MyCriticalThread.1,0.0
1284,org.apache.zookeeper.server.NettyServerCnxnFactory.CnxnChannelHandler,0.0
1285,org.apache.zookeeper.server.quorum.SyncedLearnerTracker.QuorumVerifierAcksetPair,0.0
1286,org.apache.zookeeper.server.quorum.QuorumPeer.SyncMode,0.0
1287,org.apache.zookeeper.test.SaslAuthRequiredFailNoSASLTest,0.0
1288,org.apache.zookeeper.server.ReferenceCountedACLCacheTest,0.0
1289,org.apache.zookeeper.common.PKCS12FileLoader,0.0
1290,org.apache.zookeeper.server.util.ConfigUtils,0.0
1291,org.apache.zookeeper.server.persistence.TxnLogToolkitTest,0.0
1292,org.apache.zookeeper.common.AtomicFileWritingIdiomTest,0.0
1293,org.apache.zookeeper.OpResult.CreateResult,0.0
1294,org.apache.zookeeper.server.util.ZxidUtils,0.0
1295,org.apache.zookeeper.server.DeserializationPerfTest,0.0
1296,org.apache.jute.compiler.JFile,0.0
1297,org.apache.zookeeper.server.PrepRequestProcessor,0.0
1298,org.apache.zookeeper.test.ACLCountTest,0.0
1299,org.apache.zookeeper.test.RestoreCommittedLogTest,0.0
1300,org.apache.zookeeper.server.watch.WatcherCleanerTest.MyDeadWatcherListener,0.0
1301,org.apache.zookeeper.server.auth.IPAuthenticationProvider,0.0
1302,org.apache.zookeeper.test.AsyncOps.AsyncCB,0.0
1303,org.apache.zookeeper.server.admin.JettyAdminServer.CommandServlet,0.0
1304,org.apache.zookeeper.test.FLEZeroWeightTest,0.0
1305,org.apache.zookeeper.ZKParameterized.RunnerFactory,0.0
1306,org.apache.zookeeper.server.ConnectionMXBean,0.0
1307,org.apache.zookeeper.server.ReferenceCountedACLCacheTest.1,0.0
1308,org.apache.zookeeper.common.X509Util.ClientAuth,0.0
1309,org.apache.zookeeper.server.NettyServerCnxn.1,0.0
1310,org.apache.zookeeper.server.ZooKeeperServer.PrecalculatedDigest,0.0
1311,org.apache.zookeeper.server.admin.Commands.SyncedObserverConsCommand,0.0
1312,org.apache.zookeeper.server.quorum.CommitProcessorConcurrencyTest.MockRequestsQueue,0.0
1313,org.apache.zookeeper.inspector.gui.ZooInspectorNodeViewersDialog.Button,0.0
1314,org.apache.zookeeper.graph.LogIterator,0.0
1315,org.apache.zookeeper.server.quorum.LeaderMetricsTest,0.0
1316,org.apache.zookeeper.server.util.SerializeUtils,0.0
1317,org.apache.zookeeper.server.jersey.jaxb.ZChildrenJSON,0.0
1318,org.apache.zookeeper.OpResult,0.0
1319,org.apache.zookeeper.server.RequestThrottler,0.0
1320,org.apache.zookeeper.common.FileChangeWatcher.WatcherThread,0.0
1321,org.apache.zookeeper.server.NIOServerCnxnFactory.AcceptThread,0.0
1322,org.apache.zookeeper.server.quorum.QuorumPeerConfigTest.MockQuorumPeerConfig,0.0
1323,org.apache.zookeeper.test.SessionUpgradeTest,0.0
1324,org.apache.zookeeper.server.FinalRequestProcessorTest.1,0.0
1325,org.apache.zookeeper.server.quorum.DIFFSyncConsistencyTest.MockTestQPMain,0.0
1326,org.apache.zookeeper.server.DataTreeTest.2,0.0
1327,org.apache.zookeeper.server.DataTreeTest.4,0.0
1328,org.apache.zookeeper.server.DataTreeTest.1,0.0
1329,org.apache.zookeeper.server.watch.WatchManagerTest.CreateDeadWatchersWorker,0.0
1330,org.apache.zookeeper.ClientCnxn.RWServerFoundException,0.0
1331,org.apache.zookeeper.ClientCnxnSocketNetty.1,0.0
1332,org.apache.zookeeper.server.Stats,0.0
1333,org.apache.zookeeper.common.StandardTypeFileKeyStoreLoader.SupportedStandardKeyFormat,0.0
1334,org.apache.zookeeper.server.quorum.LeaderRequestProcessor,0.0
1335,org.apache.zookeeper.test.MultiOperationTest.MultiResult,0.0
1336,org.apache.zookeeper.inspector.encryption.BasicDataEncryptionManager,0.0
1337,org.apache.zookeeper.server.util.VerifyingFileFactory.Builder,0.0
1338,org.apache.zookeeper.graph.FilterOp,0.0
1339,org.apache.zookeeper.server.admin.Commands.StatResetCommand,0.0
1340,org.apache.zookeeper.server.quorum.BufferStatsTest,0.0
1341,org.apache.zookeeper.server.quorum.QuorumPeer.ResponderThread,0.0
1342,org.apache.zookeeper.test.LoadFromLogTest,0.0
1343,org.apache.zookeeper.server.jersey.ExistsTest,0.0
1344,org.apache.zookeeper.client.ZooKeeperSaslClient.ServerSaslResponseCallback,0.0
1345,org.apache.zookeeper.common.AtomicFileWritingIdiomTest.10,0.0
1346,org.apache.zookeeper.common.AtomicFileWritingIdiomTest.11,0.0
1347,org.apache.zookeeper.common.AtomicFileWritingIdiomTest.12,0.0
1348,org.apache.zookeeper.server.quorum.CommitProcessor.CommitWorkRequest,0.0
1349,org.apache.zookeeper.KeeperException.MarshallingErrorException,0.0
1350,org.apache.zookeeper.cli.SetQuotaCommand.1,0.0
1351,org.apache.zookeeper.AsyncCallback.Create2Callback,0.0
1352,org.apache.zookeeper.util.SecurityUtils.1,0.0
1353,org.apache.zookeeper.util.SecurityUtils.2,0.0
1354,org.apache.zookeeper.audit.AuditEventTest,0.0
1355,org.apache.zookeeper.server.quorum.CommitProcessorMetricsTest,0.0
1356,org.apache.zookeeper.test.InvalidSnapshotTest,0.0
1357,org.apache.zookeeper.server.quorum.LeaderMetricsTest.MyWatcher,0.0
1358,org.apache.zookeeper.test.WatcherTest.MyStatCallback,0.0
1359,org.apache.zookeeper.graph.JsonGenerator,0.0
1360,org.apache.zookeeper.test.system.InstanceContainer,0.0
1361,org.apache.zookeeper.server.admin.DummyAdminServer,0.0
1362,org.apache.zookeeper.server.watch.WatchesReport,0.0
1363,org.apache.zookeeper.metrics.Gauge,0.0
1364,org.apache.zookeeper.test.X509AuthTest.TestCertificate,0.0
1365,org.apache.zookeeper.server.NIOServerCnxn.SendBufferWriter,0.0
1366,org.apache.zookeeper.inspector.gui.ZooInspectorTreeViewer.ZooInspectorTreeNode,0.0
1367,org.apache.jute.compiler.JString,0.0
1368,org.apache.zookeeper.cli.CliWrapperException,0.0
1369,org.apache.zookeeper.server.ZooKeeperServer.ChangeRecord,0.0
1370,org.apache.zookeeper.test.QuorumMajorityTest,0.0
1371,org.apache.zookeeper.test.MaxCnxnsTest,0.0
1372,org.apache.zookeeper.test.SaslKerberosAuthOverSSLTest,0.0
1373,org.apache.zookeeper.common.FileKeyStoreLoader,0.0
1374,org.apache.zookeeper.test.ClientHammerTest,0.0
1375,org.apache.zookeeper.server.admin.Command,0.0
1376,org.apache.zookeeper.server.quorum.FuzzySnapshotRelatedTest.CustomizedQPMain,0.0
1377,org.apache.zookeeper.cli.AddAuthCommand,0.0
1378,org.apache.zookeeper.PortAssignment.PortRange,0.0
1379,org.apache.zookeeper.test.system.GenerateLoad.GeneratorInstance,0.0
1380,org.apache.zookeeper.server.UnimplementedRequestProcessor,0.0
1381,org.apache.zookeeper.graph.filterops.OrOp,0.0
1382,org.apache.zookeeper.test.ReadOnlyModeTest,0.0
1383,org.apache.zookeeper.graph.filterops.NumberArg,0.0
1384,org.apache.zookeeper.server.SnapshotFormatter,0.0
1385,org.apache.zookeeper.server.quorum.EphemeralNodeDeletionTest,0.0
1386,org.apache.zookeeper.KeeperException.RequestTimeoutException,0.0
1387,org.apache.zookeeper.common.X509TestContext,0.0
1388,org.apache.zookeeper.server.jersey.ZooKeeperService,0.0
1389,org.apache.zookeeper.recipes.lock.ZNodeNameTest,0.0
1390,org.apache.zookeeper.test.ReconfigTest.ServerConfigLine,0.0
1391,org.apache.zookeeper.test.BufferSizeTest.2,0.0
1392,org.apache.zookeeper.server.persistence.TxnLogToolkit.TxnLogToolkitException,0.0
1393,org.apache.zookeeper.test.BufferSizeTest.1,0.0
1394,org.apache.jute.compiler.JMap,0.0
1395,org.apache.zookeeper.server.PurgeTxnLog.1MyFileFilter,0.0
1396,org.apache.zookeeper.util.FatJarMain,0.0
1397,org.apache.zookeeper.common.QuorumX509Util,0.0
1398,org.apache.zookeeper.test.X509AuthTest.TestTrustManager,0.0
1399,org.apache.zookeeper.server.watch.WatchBench.IterationState,0.0
1400,org.apache.zookeeper.server.quorum.QuorumPeerConfig,0.0
1401,org.apache.zookeeper.common.NetUtilsTest,0.0
1402,org.apache.zookeeper.test.QuorumBase,0.0
1403,org.apache.zookeeper.server.ByteBufferInputStream,0.0
1404,org.apache.zookeeper.common.PathTrie,0.0
1405,org.apache.zookeeper.server.PurgeTxnTest.1,0.0
1406,org.apache.zookeeper.server.admin.Commands.SrvrCommand,0.0
1407,org.apache.zookeeper.server.quorum.DIFFSyncConsistencyTest.CustomQuorumPeer,0.0
1408,org.apache.zookeeper.server.quorum.LearnerMaster,0.0
1409,org.apache.zookeeper.test.ServerCnxnTest,0.0
1410,org.apache.zookeeper.common.X509Exception.SSLContextException,0.0
1411,org.apache.zookeeper.test.AsyncHammerTest.HammerThread,0.0
1412,org.apache.zookeeper.ZooKeeper.ZKWatchManager,0.0
1413,org.apache.zookeeper.test.ZooKeeperTestClient,0.0
1414,org.apache.zookeeper.ClientCnxnSocketFragilityTest.FragileClientCnxnSocketNIO,0.0
1415,org.apache.zookeeper.audit.ZKAuditProvider,0.0
1416,org.apache.zookeeper.cli.SetAclCommand.1,0.0
1417,org.apache.zookeeper.test.AsyncOps.ChildrenCB,0.0
1418,org.apache.zookeeper.metrics.BaseTestMetricsProvider.MetricsProviderWithConfiguration,0.0
1419,org.apache.zookeeper.server.quorum.QuorumPeerMainTest.NewLeaderAckCallback,0.0
1420,org.apache.zookeeper.server.quorum.QuorumPeerTestBase,0.0
1421,org.apache.zookeeper.test.SSLAuthTest,0.0
1422,org.apache.zookeeper.inspector.gui.nodeviewer.NodeViewerACL,0.0
1423,org.apache.zookeeper.server.Emulate353TTLTest.1,0.0
1424,org.apache.zookeeper.cli.DelQuotaCommand,0.0
1425,org.apache.zookeeper.server.quorum.ReconfigLegacyTest,0.0
1426,org.apache.zookeeper.server.admin.Commands.WatchCommand,0.0
1427,org.apache.zookeeper.server.ResponseCache,0.0
1428,org.apache.zookeeper.server.ZooKeeperServer.State,0.0
1429,org.apache.zookeeper.common.PKCS12FileLoaderTest,0.0
1430,org.apache.zookeeper.server.quorum.DIFFSyncConsistencyTest.1,0.0
1431,org.apache.zookeeper.SaslServerPrincipal.WrapperInetSocketAddress,0.0
1432,org.apache.zookeeper.inspector.gui.ZooInspectorPanel.1,0.0
1433,org.apache.zookeeper.server.ZooKeeperThreadTest.MyThread,0.0
1434,org.apache.zookeeper.server.PurgeTxnTest,0.0
1435,org.apache.zookeeper.inspector.gui.ZooInspectorPanel.5,0.0
1436,org.apache.zookeeper.inspector.gui.ZooInspectorPanel.4,0.0
1437,org.apache.jute.TestReader,0.0
1438,org.apache.zookeeper.inspector.gui.ZooInspectorPanel.3,0.0
1439,org.apache.zookeeper.server.ZxidRolloverTest,0.0
1440,org.apache.zookeeper.inspector.gui.ZooInspectorPanel.2,0.0
1441,org.apache.zookeeper.server.jersey.jaxb.ZPath,0.0
1442,org.apache.zookeeper.server.quorum.QuorumPeerTestBase.MainThread,0.0
1443,org.apache.zookeeper.inspector.gui.ZooInspectorPanel.7,0.0
1444,org.apache.zookeeper.jmx.ManagedUtil,0.0
1445,org.apache.zookeeper.inspector.gui.ZooInspectorPanel.6,0.0
1446,org.apache.zookeeper.server.quorum.SyncRequestProcessorMetricTest,0.0
1447,org.apache.zookeeper.server.quorum.QuorumMXBean,0.0
1448,org.apache.zookeeper.server.X509AuthFailureTest,0.0
1449,org.apache.zookeeper.server.quorum.MultipleAddresses,0.0
1450,org.apache.zookeeper.test.FLEPredicateTest.MockFLE,0.0
1451,org.apache.zookeeper.server.quorum.auth.QuorumAuthTestBase,0.0
1452,org.apache.zookeeper.test.NIOConnectionFactoryFdLeakTest,0.0
1453,org.apache.zookeeper.server.quorum.FLEBackwardElectionRoundTest,0.0
1454,org.apache.zookeeper.test.SaslSuperUserTest.MyWatcher,0.0
1455,org.apache.zookeeper.audit.AuditLogPerfReading,0.0
1456,org.apache.zookeeper.server.quorum.FLETestUtils,0.0
1457,org.apache.zookeeper.server.quorum.Zab1_0Test,0.0
1458,org.apache.zookeeper.server.auth.EnsembleAuthenticationProvider,0.0
1459,org.apache.zookeeper.server.SyncRequestProcessor.1,0.0
1460,org.apache.zookeeper.common.ZKHostnameVerifier.SubjectName,0.0
1461,org.apache.zookeeper.server.quorum.Zab1_0Test.LeadThread,0.0
1462,org.apache.zookeeper.server.quorum.Leader.LearnerCnxAcceptor.LearnerCnxAcceptorHandler,0.0
1463,org.apache.zookeeper.metrics.BaseTestMetricsProvider.MetricsProviderWithErrorInStart,0.0
1464,org.apache.zookeeper.server.watch.RecursiveWatchQtyTest.DummyWatcher,0.0
1465,org.apache.zookeeper.server.ZooKeeperCriticalThreadMetricsTest.MyRequestProcessor,0.0
1466,org.apache.zookeeper.server.util.JvmPauseMonitor,0.0
1467,org.apache.zookeeper.test.EnsembleAuthTest,0.0
1468,org.apache.zookeeper.cli.SyncCommand,0.0
1469,org.apache.zookeeper.server.quorum.QuorumPeerMainTest.StartForwardingListener,0.0
1470,org.apache.zookeeper.server.util.SerializeUtilsTest.1,0.0
1471,org.apache.zookeeper.server.util.SerializeUtilsTest.2,0.0
1472,org.apache.zookeeper.server.util.SerializeUtilsTest.3,0.0
1473,org.apache.jute.compiler.JField,0.0
1474,org.apache.zookeeper.inspector.gui.ZooInspectorAboutDialog,0.0
1475,org.apache.zookeeper.Quotas,0.0
1476,org.apache.zookeeper.test.Pair,0.0
1477,org.apache.zookeeper.graph.servlets.Fs,0.0
1478,org.apache.zookeeper.test.SledgeHammer,0.0
1479,org.apache.zookeeper.inspector.ZooInspector.1,0.0
1480,org.apache.zookeeper.ClientCnxnSocketFragilityTest.UnsafeCoordinator,0.0
1481,org.apache.zookeeper.server.quorum.LeaderMXBean,0.0
1482,org.apache.zookeeper.server.ZooKeeperCriticalThread,0.0
1483,org.apache.zookeeper.inspector.gui.ZooInspectorPanel,0.0
1484,org.apache.zookeeper.Login.1,0.0
1485,org.apache.zookeeper.server.SerializationPerfTest.NullOutputStream,0.0
1486,org.apache.zookeeper.server.util.PortForwarder,0.0
1487,org.apache.zookeeper.test.ClientTest.2,0.0
1488,org.apache.zookeeper.KeeperException.APIErrorException,0.0
1489,org.apache.zookeeper.server.quorum.FuzzySnapshotRelatedTest.CustomizedQPMain.8.10,0.0
1490,org.apache.zookeeper.server.quorum.Zab1_0Test.ObserverConversation,0.0
1491,org.apache.zookeeper.test.ClientTest.1,0.0
1492,org.apache.zookeeper.AsyncCallback.AllChildrenNumberCallback,0.0
1493,org.apache.zookeeper.server.quorum.EphemeralNodeDeletionTest.SyncCallback,0.0
1494,org.apache.zookeeper.KeeperException.SystemErrorException,0.0
1495,org.apache.zookeeper.server.quorum.LeaderElectionMXBean,0.0
1496,org.apache.zookeeper.common.JKSFileLoader.Builder,0.0
1497,org.apache.zookeeper.server.ResponseCache.LRUCache,0.0
1498,org.apache.zookeeper.common.PKCS12FileLoader.Builder,0.0
1499,org.apache.zookeeper.inspector.gui.actions.DeleteNodeAction.1,0.0
1500,org.apache.zookeeper.server.quorum.RaceConditionTest.MockTestQPMain,0.0
1501,org.apache.zookeeper.server.SessionTrackerImpl,0.0
1502,org.apache.zookeeper.inspector.gui.ZooInspectorTreeViewer.2,0.0
1503,org.apache.zookeeper.server.quorum.QuorumPeerMainTest.6,0.0
1504,org.apache.zookeeper.inspector.gui.ZooInspectorTreeViewer.3,0.0
1505,org.apache.zookeeper.server.persistence.FilePadding,0.0
1506,org.apache.zookeeper.server.quorum.QuorumPeerMainTest.5,0.0
1507,org.apache.zookeeper.server.quorum.QuorumPeerMainTest.8,0.0
1508,org.apache.zookeeper.inspector.gui.ZooInspectorTreeViewer.1,0.0
1509,org.apache.zookeeper.server.quorum.QuorumPeerMainTest.7,0.0
1510,org.apache.zookeeper.server.quorum.QuorumPeerMainTest.2,0.0
1511,org.apache.zookeeper.server.quorum.QuorumPeerMainTest.1,0.0
1512,org.apache.zookeeper.server.quorum.QuorumPeerTestBase.MainThread.1,0.0
1513,org.apache.zookeeper.inspector.gui.ZooInspectorTreeViewer.4,0.0
1514,org.apache.zookeeper.server.quorum.QuorumPeerMainTest.4,0.0
1515,org.apache.zookeeper.test.NioNettySuiteHammerTest,0.0
1516,org.apache.zookeeper.ZKUtil,0.0
1517,org.apache.zookeeper.ClientCnxnSocket,0.0
1518,org.apache.zookeeper.server.quorum.FastLeaderElection,0.0
1519,org.apache.zookeeper.RemoveWatchesTest.MyWatcher,0.0
1520,org.apache.zookeeper.server.admin.Commands.ConsCommand,0.0
1521,org.apache.zookeeper.server.admin.CommandResponse,0.0
1522,org.apache.zookeeper.server.quorum.UnifiedServerSocketTest.UnifiedServerThread.1,0.0
1523,org.apache.zookeeper.server.ZooKeeperServerMXBean,0.0
1524,org.apache.zookeeper.server.quorum.UnifiedServerSocketTest.UnifiedServerThread,0.0
1525,org.apache.zookeeper.server.jersey.RestMain.1,0.0
1526,org.apache.jute.TestCheckWriterReader,0.0
1527,org.apache.zookeeper.server.quorum.RemotePeerBeanTest,0.0
1528,org.apache.zookeeper.server.quorum.ReconfigFailureCasesTest,0.0
1529,org.apache.zookeeper.KeeperException.NotReadOnlyException,0.0
1530,org.apache.zookeeper.inspector.manager.ZooInspectorNodeTreeManager,0.0
1531,org.apache.zookeeper.AsyncCallback.ACLCallback,0.0
1532,org.apache.zookeeper.ClientCnxn.AuthData,0.0
1533,org.apache.zookeeper.metrics.impl.NullMetricsProvider.NullMetricsContext,0.0
1534,org.apache.zookeeper.ClientCnxn.EndOfStreamException,0.0
1535,org.apache.zookeeper.server.command.FourLetterCommands,0.0
1536,org.apache.zookeeper.common.X509Exception.KeyManagerException,0.0
1537,org.apache.zookeeper.client.ZooKeeperSaslClient.SaslState,0.0
1538,org.apache.zookeeper.metrics.prometheus.PrometheusMetricsProvider.PrometheusSummary,0.0
1539,org.apache.zookeeper.server.jersey.CreateTest,0.0
1540,org.apache.zookeeper.test.ClientTest.VerifyClientCleanup,0.0
1541,org.apache.zookeeper.server.admin.Commands.RuokCommand,0.0
1542,org.apache.zookeeper.server.quorum.LearnerHandler.SyncLimitCheck,0.0
1543,org.apache.zookeeper.server.quorum.LearnerTest.SimpleLearner,0.0
1544,org.apache.zookeeper.server.auth.ServerAuthenticationProvider,0.0
1545,org.apache.zookeeper.graph.filterops.LessThanOp,0.0
1546,org.apache.zookeeper.test.system.Instance.Reporter,0.0
1547,org.apache.zookeeper.test.system.InstanceContainer.MyReporter,0.0
1548,org.apache.zookeeper.server.NIOServerCnxnFactory.AbstractSelectThread,0.0
1549,org.apache.zookeeper.server.quorum.QuorumCnxManager.RecvWorker,0.0
1550,org.apache.zookeeper.test.system.BaseSysTest.1,0.0
1551,org.apache.zookeeper.inspector.gui.nodeviewer.ZooInspectorNodeViewer,0.0
1552,org.apache.zookeeper.test.ObserverMasterTest.AsyncWriter.3,0.0
1553,org.apache.zookeeper.AsyncCallback.StatCallback,0.0
1554,org.apache.zookeeper.cli.SyncCommand.1,0.0
1555,org.apache.zookeeper.metrics.impl.DefaultMetricsProvider.DefaultMetricsContext,0.0
1556,org.apache.zookeeper.server.InvalidSnapCountTest,0.0
1557,org.apache.zookeeper.KeeperException.BadArgumentsException,0.0
1558,org.apache.zookeeper.test.system.SimpleClient,0.0
1559,org.apache.zookeeper.server.quorum.QuorumPeer.LearnerType,0.0
1560,org.apache.zookeeper.ZooKeeper.DataWatchRegistration,0.0
1561,org.apache.zookeeper.ClientReconnectTest,0.0
1562,org.apache.zookeeper.server.ZooTrace,0.0
1563,org.apache.zookeeper.server.admin.CommandBase,0.0
1564,org.apache.zookeeper.test.system.DuplicateNameException,0.0
1565,org.apache.zookeeper.server.admin.Commands.EnvCommand,0.0
1566,org.apache.zookeeper.server.quorum.EpochWriteFailureTest.CustomQuorumPeer,0.0
1567,org.apache.zookeeper.Environment,0.0
1568,org.apache.zookeeper.server.auth.X509AuthenticationProvider,0.0
1569,org.apache.zookeeper.OpResult.GetChildrenResult,0.0
1570,org.apache.zookeeper.graph.filterops.GreaterThanOp,0.0
1571,org.apache.zookeeper.graph.TransactionEntry,0.0
1572,org.apache.zookeeper.test.StringUtilTest,0.0
1573,org.apache.zookeeper.server.NettyServerCnxnTest.6.7,0.0
1574,org.apache.zookeeper.audit.AuditEvent.FieldName,0.0
1575,org.apache.zookeeper.server.ZooKeeperServer.MissingSessionException,0.0
1576,org.apache.zookeeper.server.quorum.RaceConditionTest.MockProposalRequestProcessor,0.0
1577,org.apache.zookeeper.server.quorum.UnifiedServerSocket.UnifiedInputStream,0.0
1578,org.apache.zookeeper.util.FatJarMain.Cmd,0.0
1579,org.apache.jute.RecordReader,0.0
1580,org.apache.zookeeper.server.quorum.LearnerMetricsTest,0.0
1581,org.apache.zookeeper.metrics.MetricsProvider,0.0
1582,org.apache.zookeeper.ClientCnxn,0.0
1583,org.apache.zookeeper.util.SecurityUtils,0.0
1584,org.apache.zookeeper.test.X509AuthTest,0.0
1585,org.apache.zookeeper.util.PemReaderTest,0.0
1586,org.apache.zookeeper.server.ZooKeeperThreadTest,0.0
1587,org.apache.zookeeper.server.ServerCnxn.DisconnectReason,0.0
1588,org.apache.zookeeper.server.quorum.ReadOnlyBean,0.0
1589,org.apache.zookeeper.server.admin.JettyAdminServer,0.0
1590,org.apache.zookeeper.server.metric.AvgMinMaxCounter,0.0
1591,org.apache.zookeeper.server.quorum.auth.QuorumAuthServer,0.0
1592,org.apache.zookeeper.test.UnsupportedAddWatcherTest,0.0
1593,org.apache.zookeeper.AddWatchMode,0.0
1594,org.apache.zookeeper.server.ResponseCache.Entry,0.0
1595,org.apache.zookeeper.server.quorum.auth.KerberosTestUtils,0.0
1596,org.apache.zookeeper.server.quorum.EagerACLFilterTest,0.0
1597,org.apache.zookeeper.server.ServerIdTest,0.0
1598,org.apache.zookeeper.KeeperException.NodeExistsException,0.0
1599,org.apache.zookeeper.test.FollowerResyncConcurrencyTest.MyWatcher,0.0
1600,org.apache.zookeeper.cli.GetConfigCommand,0.0
1601,org.apache.zookeeper.ClientCnxn.EventThread,0.0
1602,org.apache.zookeeper.server.DumbWatcher,0.0
